symbol,period_end,announcement_timestamp,signal_date,first_trade_date,quality,fundamental_state,state_detail,valuation,data_quality,reason_codes,availability_method,source_hash,predictive_eligible,company,sector_logic,peer_group,financial_subtype,valuation_frozen,valuation_bucket,entry_date,entry_contract,return_policy,survivorship_bias,state_validation,exclusion_reason,exit_date_60d,return_60d,benchmark_return_60d,excess_return_60d,max_close_to_close_favorable_return_60d,max_close_to_close_adverse_return_60d,max_drawdown_60d,exit_date_120d,return_120d,benchmark_return_120d,excess_return_120d,max_close_to_close_favorable_return_120d,max_close_to_close_adverse_return_120d,max_drawdown_120d,exit_date_252d,return_252d,benchmark_return_252d,excess_return_252d,max_close_to_close_favorable_return_252d,max_close_to_close_adverse_return_252d,max_drawdown_252d,exit_date_504d,return_504d,benchmark_return_504d,excess_return_504d,max_close_to_close_favorable_return_504d,max_close_to_close_adverse_return_504d,max_drawdown_504d
1216,2016-03-31,2016-05-11T17:25:47+08:00,2016-05-11,2016-05-12,UNKNOWN,UNKNOWN,UNKNOWN,N/M,INSUFFICIENT,QUALITY_HISTORY_INSUFFICIENT | STATE_HISTORY_INSUFFICIENT | VALUATION_HISTORY_INSUFFICIENT | SIMPLIFIED_DCF_NOT_APPLICABLE | MOPS_SINGLE_ELIGIBLE_FILING,MOPS_EXACT,f559492d528d8a2795d13003905db1725ae31c164b3db397be9fafe6582efae8,True,統一,GENERAL,CONSUMER_STAPLES,,N/M,NOT_MEANINGFUL,2016-05-12,FROZEN_STAGE_A_FIRST_TRADE_DATE,YAHOO_ADJUSTED_CLOSE_EXACT_COMMON_TWSE_DATES,CURRENT_CONSTITUENTS_ONLY,,,2016-08-08,0.11954188242164387,0.1858665946798923,-0.06632471225824843,0.15068478830868082,0.0,-0.049230778489536164,2016-11-03,0.0559716136630255,0.2053345591814142,-0.1493629455183887,0.15068478830868082,-0.007598655095592877,-0.1375558667434239,2017-05-24,0.013591535980577163,0.3223398622581599,-0.30874832627758275,0.15068478830868082,-0.07823211789967333,-0.1989397170573748,2018-06-05,0.37343019129538857,0.47927936315731734,-0.10584917186192877,0.37526137471606913,-0.07823211789967333,-0.1989397170573748
1216,2016-06-30,2016-08-10T16:27:53+08:00,2016-08-10,2016-08-11,UNKNOWN,UNKNOWN,UNKNOWN,NORMAL,INSUFFICIENT,QUALITY_HISTORY_INSUFFICIENT | STATE_HISTORY_INSUFFICIENT | HISTORICAL_VALUATION_NORMAL | SIMPLIFIED_DCF_NOT_APPLICABLE | MOPS_SINGLE_ELIGIBLE_FILING,MOPS_EXACT,44e69511563c73c634874a569e7829ce291f180cf7e16b621fea239d9f959ce9,True,統一,GENERAL,CONSUMER_STAPLES,,NORMAL,NORMAL,2016-08-11,FROZEN_STAGE_A_FIRST_TRADE_DATE,YAHOO_ADJUSTED_CLOSE_EXACT_COMMON_TWSE_DATES,CURRENT_CONSTITUENTS_ONLY,,,2016-11-08,-0.07165094141573003,0.03431019242030353,-0.10596113383603356,0.014018843444073115,-0.12461053919021159,-0.1367128269169393,2017-02-09,-0.15732072627553306,0.05374565012252397,-0.21106637639805703,0.014018843444073115,-0.1869157640235658,-0.1981566799934139,2017-08-23,-0.008191848150950198,0.20672892943594268,-0.21492077758689287,0.014018843444073115,-0.1869157640235658,-0.1981566799934139,2018-09-03,0.32323364980786917,0.31993435554676974,0.003299294261099428,0.3683831276486087,-0.1869157640235658,-0.1981566799934139
1216,2016-09-30,2016-11-10T08:17:37+08:00,2016-11-10,2016-11-11,UNKNOWN,UNKNOWN,UNKNOWN,LOW,INSUFFICIENT,QUALITY_HISTORY_INSUFFICIENT | STATE_HISTORY_INSUFFICIENT | HISTORICAL_VALUATION_LOW | SIMPLIFIED_DCF_NOT_APPLICABLE | MOPS_SINGLE_ELIGIBLE_FILING,MOPS_EXACT,2694e5afbfe04be28036ba762cdca504b14ab56914bacfcdfed19592bacff075,True,統一,GENERAL,CONSUMER_STAPLES,,LOW,LOW,2016-11-11,FROZEN_STAGE_A_FIRST_TRADE_DATE,YAHOO_ADJUSTED_CLOSE_EXACT_COMMON_TWSE_DATES,CURRENT_CONSTITUENTS_ONLY,,,2017-02-14,-0.012750451940990781,0.06977814582189756,-0.08252859776288834,0.023679321014408172,-0.049180329585060134,-0.07117429169836942,2017-05-16,0.04918022489638951,0.11800567296790354,-0.06882544807151403,0.06010940803581866,-0.049180329585060134,-0.07117429169836942,2017-11-23,0.22215469802971732,0.25585928465243857,-0.033704586622721244,0.2523780031515477,-0.049180329585060134,-0.07117429169836942,2018-12-03,0.4884977510779793,0.2014146441351956,0.2870831069427837,0.6204925769451259,-0.049180329585060134,-0.1203008509700042
1216,2016-12-31,2017-03-29T17:50:50+08:00,2017-03-29,2017-03-30,UNKNOWN,UNKNOWN,UNKNOWN,NORMAL,INSUFFICIENT,QUALITY_HISTORY_INSUFFICIENT | STATE_HISTORY_INSUFFICIENT | HISTORICAL_VALUATION_NORMAL | SIMPLIFIED_DCF_AVAILABLE | MOPS_CONSOLIDATED_PREFERRED_OVER_INDIVIDUAL,MOPS_EXACT,aa030c5108c1df17d97cec415be17179c3e03ad28ef4bf64911b87ff4663cbdf,True,統一,GENERAL,CONSUMER_STAPLES,,NORMAL,NORMAL,2017-03-30,FROZEN_STAGE_A_FIRST_TRADE_DATE,YAHOO_ADJUSTED_CLOSE_EXACT_COMMON_TWSE_DATES,CURRENT_CONSTITUENTS_ONLY,,,2017-06-29,0.06315765592489653,0.09133956510913643,-0.028181909184239906,0.07894729677746892,-0.03508792273064376,-0.05498303675427518,2017-09-21,0.17348932671137884,0.12870304528440601,0.04478628142697283,0.20623765126647142,-0.03508792273064376,-0.06016255725446229,2018-04-13,0.28628955943096623,0.15501389424373446,0.13127566518723177,0.288108966812755,-0.03508792273064376,-0.0682788128586872,2019-04-25,0.39649660222343996,0.21384472242894415,0.18265187979449582,0.5607900769497198,-0.03508792273064376,-0.15538841612777543
1216,2017-03-31,2017-05-11T08:15:12+08:00,2017-05-11,2017-05-12,UNKNOWN,UNKNOWN,UNKNOWN,NORMAL,INSUFFICIENT,QUALITY_HISTORY_INSUFFICIENT | STATE_HISTORY_INSUFFICIENT | HISTORICAL_VALUATION_NORMAL | SIMPLIFIED_DCF_AVAILABLE | MOPS_SINGLE_ELIGIBLE_FILING,MOPS_EXACT,9a269e84f6f7c948a211b3036a8057d5f48c8971e283f68d1f0902563a9b8d72,True,統一,GENERAL,CONSUMER_STAPLES,,NORMAL,NORMAL,2017-05-12,FROZEN_STAGE_A_FIRST_TRADE_DATE,YAHOO_ADJUSTED_CLOSE_EXACT_COMMON_TWSE_DATES,CURRENT_CONSTITUENTS_ONLY,,,2017-08-08,0.04795304065584971,0.09584414574582034,-0.04789110508997063,0.07894729677746892,-0.005263213617524132,-0.06016255725446229,2017-11-03,0.14074059882944479,0.11963797751695138,0.021102621312493408,0.20623765126647142,-0.005263213617524132,-0.06485670674620159,2018-05-24,0.3117606577857457,0.10580154095498906,0.20595911683075663,0.33541255042215723,-0.005263213617524132,-0.0682788128586872,2019-06-05,0.5940398376004472,0.10377056874570045,0.49026926885474675,0.5940398376004472,-0.005263213617524132,-0.15538841612777543
1216,2017-06-30,2017-08-09T19:25:01+08:00,2017-08-09,2017-08-10,UNKNOWN,UNKNOWN,UNKNOWN,NORMAL,INSUFFICIENT,QUALITY_HISTORY_INSUFFICIENT | STATE_HISTORY_INSUFFICIENT | HISTORICAL_VALUATION_NORMAL | SIMPLIFIED_DCF_AVAILABLE | MOPS_SINGLE_ELIGIBLE_FILING,MOPS_EXACT,7aca0fcb667a45f4be4ac23e09af66008717bebee12dee82f7a994582b0ca44c,True,統一,GENERAL,CONSUMER_STAPLES,,NORMAL,NORMAL,2017-08-10,FROZEN_STAGE_A_FIRST_TRADE_DATE,YAHOO_ADJUSTED_CLOSE_EXACT_COMMON_TWSE_DATES,CURRENT_CONSTITUENTS_ONLY,,,2017-11-07,0.07785464971448364,0.04534307373080826,0.03251157598367538,0.14705876148628394,-0.005190341942576837,-0.06485670674620159,2018-01-31,0.211072723085175,0.06413285040085936,0.14693987268431563,0.211072723085175,-0.005190341942576837,-0.06485670674620159,2018-08-21,0.4172595385753317,0.071738262737437,0.3455212758378947,0.43213894709630996,-0.005190341942576837,-0.07369644954423271,2019-09-03,0.45483325723273693,0.07023793930644873,0.3845953179262882,0.5437338398098106,-0.005190341942576837,-0.15538841612777543
1216,2017-09-30,2017-11-08T20:53:11+08:00,2017-11-08,2017-11-09,UNKNOWN,UNKNOWN,UNKNOWN,HIGH,INSUFFICIENT,QUALITY_HISTORY_INSUFFICIENT | STATE_HISTORY_INSUFFICIENT | HISTORICAL_VALUATION_HIGH | SIMPLIFIED_DCF_AVAILABLE | MOPS_SINGLE_ELIGIBLE_FILING,MOPS_EXACT,331c9ebb38e4e4933699580beecdf765f640841fa0939898b35289447836180c,True,統一,GENERAL,CONSUMER_STAPLES,,HIGH,HIGH,2017-11-09,FROZEN_STAGE_A_FIRST_TRADE_DATE,YAHOO_ADJUSTED_CLOSE_EXACT_COMMON_TWSE_DATES,CURRENT_CONSTITUENTS_ONLY,,,2018-02-02,0.07812499594081301,0.031868018564829015,0.046256977375984,0.09843747063854758,-0.017187485251620616,-0.034334883389032234,2018-05-14,0.12500001082449863,0.002698539235787001,0.12230147158871163,0.14687502354328452,-0.017187485251620616,-0.0682788128586872,2018-11-19,0.2799624935453515,-0.060021346894946426,0.33998384044029795,0.34043307866318995,-0.017187485251620616,-0.1203008509700042,2019-12-05,0.24456136057539224,0.18382543398826612,0.06073592658712612,0.39418459441772824,-0.017187485251620616,-0.15538841612777543
1216,2017-12-31,2018-03-28T21:52:43+08:00,2018-03-28,2018-03-29,UNKNOWN,UNKNOWN,UNKNOWN,NORMAL,INSUFFICIENT,QUALITY_HISTORY_INSUFFICIENT | STATE_HISTORY_INSUFFICIENT | HISTORICAL_VALUATION_NORMAL | SIMPLIFIED_DCF_AVAILABLE | MOPS_CONSOLIDATED_PREFERRED_OVER_INDIVIDUAL,MOPS_EXACT,9f04535f06c0a312cf86627063f99a78287d2d7c3fa8641594a3015a9b640eab,True,統一,GENERAL,CONSUMER_STAPLES,,NORMAL,NORMAL,2018-03-29,FROZEN_STAGE_A_FIRST_TRADE_DATE,YAHOO_ADJUSTED_CLOSE_EXACT_COMMON_TWSE_DATES,CURRENT_CONSTITUENTS_ONLY,,,2018-06-28,0.09809649706546364,-0.024969791727484703,0.12306628879294834,0.13469971363431243,-0.0014642455102760188,-0.06267023780022518,2018-09-20,0.2229888898292589,0.05500914873967133,0.16797974108958758,0.24345059496080457,-0.0014642455102760188,-0.07369644954423271,2019-04-15,0.1584552205809382,0.0364283233915208,0.1220268971894174,0.2560426194845029,-0.0014642455102760188,-0.15538841612777543,2020-04-28,0.10935816386453046,0.08847013978942986,0.020888024075100597,0.30641006842639573,-0.0014642455102760188,-0.23040508078478872
1216,2018-03-31,2018-05-09T21:00:06+08:00,2018-05-09,2018-05-10,UNKNOWN,UNKNOWN,UNKNOWN,LOW,INSUFFICIENT,QUALITY_HISTORY_INSUFFICIENT | STATE_HISTORY_INSUFFICIENT | HISTORICAL_VALUATION_LOW | SIMPLIFIED_DCF_AVAILABLE | MOPS_SINGLE_ELIGIBLE_FILING,MOPS_EXACT,54d56392a5913a3d9d183b8a7646afe9cbb5a1a229c0029531452098cfda6ab5,True,統一,GENERAL,CONSUMER_STAPLES,,LOW,LOW,2018-05-10,FROZEN_STAGE_A_FIRST_TRADE_DATE,YAHOO_ADJUSTED_CLOSE_EXACT_COMMON_TWSE_DATES,CURRENT_CONSTITUENTS_ONLY,,,2018-08-03,0.14079007314604453,0.06960115889230867,0.07118891425373586,0.17211950248738184,-0.004267371604185666,-0.044795854155315284,2018-10-30,0.1438485794966078,-0.05042391012537262,0.1942724896219804,0.22030895202797907,-0.004267371604185666,-0.1203008509700042,2019-05-22,0.21572119250213428,0.0105912934641883,0.20512989903794598,0.2447762933119888,-0.004267371604185666,-0.15538841612777543,2020-06-04,0.17721370197600672,0.1758241577002475,0.0013895442757592136,0.26924347692477735,-0.02319666891164207,-0.23040508078478872
1216,2018-06-30,2018-08-08T20:21:02+08:00,2018-08-08,2018-08-09,UNKNOWN,UNKNOWN,UNKNOWN,LOW,INSUFFICIENT,QUALITY_HISTORY_INSUFFICIENT | STATE_HISTORY_INSUFFICIENT | HISTORICAL_VALUATION_LOW | SIMPLIFIED_DCF_AVAILABLE | MOPS_SINGLE_ELIGIBLE_FILING,MOPS_EXACT,5894116d8a733df51ba929262a88cf5add6191e70352a8cd2a1db4e7c9a4b1a3,True,統一,GENERAL,CONSUMER_STAPLES,,LOW,LOW,2018-08-09,FROZEN_STAGE_A_FIRST_TRADE_DATE,YAHOO_ADJUSTED_CLOSE_EXACT_COMMON_TWSE_DATES,CURRENT_CONSTITUENTS_ONLY,,,2018-11-05,0.07464807866697676,-0.09170045644988534,0.1663485351168621,0.12394374951305842,-0.011267639995779954,-0.1203008509700042,2019-01-30,0.012676131300317417,-0.11021887204714875,0.12289500334746617,0.12394374951305842,-0.050704089540488995,-0.15538841612777543,2019-08-22,0.10314624776624015,-0.02356700562500791,0.12671325339124806,0.16901401905565727,-0.050704089540488995,-0.15538841612777543,2020-09-04,-0.04173986070327418,0.2872427797767396,-0.3289826404800138,0.16901401905565727,-0.10033275044341194,-0.23040508078478872
1216,2018-09-30,2018-11-07T21:52:25+08:00,2018-11-07,2018-11-08,UNKNOWN,IMPROVING,TURNING_UP,LOW,INSUFFICIENT,QUALITY_HISTORY_INSUFFICIENT | EARLY_REVENUE_RECOVERY | RECOVERY_CORROBORATED | HISTORICAL_VALUATION_LOW | SIMPLIFIED_DCF_AVAILABLE | MOPS_SINGLE_ELIGIBLE_FILING,MOPS_EXACT,08b26ebdedad8953b5302178cb327bbb4279230280f8b855a0eba9a454e8ed9a,True,統一,GENERAL,CONSUMER_STAPLES,,LOW,LOW,2018-11-08,FROZEN_STAGE_A_FIRST_TRADE_DATE,YAHOO_ADJUSTED_CLOSE_EXACT_COMMON_TWSE_DATES,CURRENT_CONSTITUENTS_ONLY,,,2019-02-13,-0.030666725047791554,-0.012805526724234073,-0.01786119832355748,0.01600011712885019,-0.10133322738579753,-0.11548556199602023,2019-05-15,0.03600007451154563,0.042765082185634684,-0.006765007674089052,0.04266679571003218,-0.10133322738579753,-0.11548556199602023,2019-11-26,-0.0038449744677665487,0.2244168449988293,-0.22826181946659585,0.10666657684955139,-0.10133322738579753,-0.11548556199602023,2020-12-07,-0.06432030451301451,0.6237910027399032,-0.6881113072529177,0.10666657684955139,-0.14831502519129502,-0.23040508078478872
1216,2018-12-31,2019-03-27T20:31:09+08:00,2019-03-27,2019-03-28,UNKNOWN,UNKNOWN,UNKNOWN,LOW,INSUFFICIENT,METRIC_COVERAGE_INSUFFICIENT_TTM_REVENUE | METRIC_COVERAGE_INSUFFICIENT_TTM_EPS | METRIC_COVERAGE_INSUFFICIENT_ROE | METRIC_COVERAGE_INSUFFICIENT_ROIC | MIXED_FUNDAMENTAL_DIRECTION | HISTORICAL_VALUATION_LOW | SIMPLIFIED_DCF_AVAILABLE | MOPS_CONSOLIDATED_PREFERRED_OVER_INDIVIDUAL,MOPS_EXACT,6be71c752b96dafb7477d57d16950aaea031e0a86d8639f918323f6a2e08c546,True,統一,GENERAL,CONSUMER_STAPLES,,LOW,LOW,2019-03-28,FROZEN_STAGE_A_FIRST_TRADE_DATE,YAHOO_ADJUSTED_CLOSE_EXACT_COMMON_TWSE_DATES,CURRENT_CONSTITUENTS_ONLY,,,2019-06-26,0.09115280945526938,0.023567106453662223,0.06758570300160716,0.10321715391570652,-0.046916856731616274,-0.0532622700194042,2019-09-23,0.06512722580545294,0.08562215504562198,-0.020494929240169046,0.11260038704972852,-0.046916856731616274,-0.06753437526688877,2020-04-14,-0.05798489781826355,0.07380624500914323,-0.13179114282740678,0.11260038704972852,-0.14374839500965142,-0.23040508078478872,2021-04-27,0.07835960242402273,0.928433015246577,-0.8500734128225542,0.11260038704972852,-0.14374839500965142,-0.23040508078478872
1216,2019-03-31,2019-05-08T18:23:19+08:00,2019-05-08,2019-05-09,UNKNOWN,UNKNOWN,UNKNOWN,HIGH,INSUFFICIENT,METRIC_COVERAGE_INSUFFICIENT_TTM_REVENUE | METRIC_COVERAGE_INSUFFICIENT_TTM_EPS | METRIC_COVERAGE_INSUFFICIENT_ROE | METRIC_COVERAGE_INSUFFICIENT_ROIC | MIXED_FUNDAMENTAL_DIRECTION | HISTORICAL_VALUATION_HIGH | SIMPLIFIED_DCF_AVAILABLE | MOPS_SINGLE_ELIGIBLE_FILING,MOPS_EXACT,5a592bd7c54bd508956b2508b050f28b79f6360fc4e333b32ed840522cdd38bb,True,統一,GENERAL,CONSUMER_STAPLES,,HIGH,HIGH,2019-05-09,FROZEN_STAGE_A_FIRST_TRADE_DATE,YAHOO_ADJUSTED_CLOSE_EXACT_COMMON_TWSE_DATES,CURRENT_CONSTITUENTS_ONLY,,,2019-08-02,0.03597536822121006,0.0011163982940931572,0.0348589699271169,0.0849672775371888,0.0,-0.045155195304311335,2019-11-04,0.030579669496184403,0.1402459376862406,-0.1096662681900562,0.0849672775371888,-0.03416878259391676,-0.10980613203518663,2020-05-22,-0.03012209278739153,0.05918352072461053,-0.08930561351200206,0.0849672775371888,-0.1650146956926195,-0.23040508078478872,2021-06-04,0.02920296337189421,0.7997983835352287,-0.7705954201633345,0.0849672775371888,-0.1650146956926195,-0.23040508078478872
1216,2019-06-30,2019-08-07T18:14:17+08:00,2019-08-07,2019-08-08,UNKNOWN,DETERIORATING,DETERIORATING,NORMAL,INSUFFICIENT,METRIC_COVERAGE_INSUFFICIENT_TTM_REVENUE | METRIC_COVERAGE_INSUFFICIENT_TTM_EPS | METRIC_COVERAGE_INSUFFICIENT_ROE | METRIC_COVERAGE_INSUFFICIENT_ROIC | DETERIORATION_CORROBORATED | HISTORICAL_VALUATION_NORMAL | SIMPLIFIED_DCF_AVAILABLE | MOPS_SINGLE_ELIGIBLE_FILING,MOPS_EXACT,1d641bf4537dbb856ced60e4a67649ce3a9695a86b447948f30117ce87428d91,True,統一,GENERAL,CONSUMER_STAPLES,,NORMAL,NORMAL,2019-08-08,FROZEN_STAGE_A_FIRST_TRADE_DATE,YAHOO_ADJUSTED_CLOSE_EXACT_COMMON_TWSE_DATES,CURRENT_CONSTITUENTS_ONLY,,,2019-11-08,-0.06649620861479488,0.1475512107179806,-0.2140474193327755,0.0012786589866631282,-0.084399031553969,-0.08556827789313093,2020-02-12,-0.04859338567562066,0.18611898502226554,-0.2347123706978862,0.0012786589866631282,-0.084399031553969,-0.08556827789313093,2020-08-24,-0.11181586952835854,0.32949035199732846,-0.441306221525687,0.0012786589866631282,-0.2084400053714538,-0.20945084814886727,2021-09-03,-0.045533420242535705,0.8744824571123819,-0.9200158773549176,0.007492564740136709,-0.2084400053714538,-0.20945084814886727
1216,2019-09-30,2019-11-06T18:18:09+08:00,2019-11-06,2019-11-07,UNKNOWN,UNKNOWN,UNKNOWN,NORMAL,INSUFFICIENT,METRIC_COVERAGE_INSUFFICIENT_ROE | METRIC_COVERAGE_INSUFFICIENT_ROIC | MIXED_FUNDAMENTAL_DIRECTION | HISTORICAL_VALUATION_NORMAL | SIMPLIFIED_DCF_AVAILABLE | MOPS_SINGLE_ELIGIBLE_FILING,MOPS_EXACT,21a3958378f20a7f539fd00945357709240561b30657feacb5b59c4d98faefa8,True,統一,GENERAL,CONSUMER_STAPLES,,NORMAL,NORMAL,2019-11-07,FROZEN_STAGE_A_FIRST_TRADE_DATE,YAHOO_ADJUSTED_CLOSE_EXACT_COMMON_TWSE_DATES,CURRENT_CONSTITUENTS_ONLY,,,2020-02-11,0.0026880680719396643,0.020261093593202384,-0.01757302552126272,0.017472979651475207,-0.034946227894883886,-0.04887704471864285,2020-05-11,-0.04569903736650982,-0.054242935357145194,0.008543897990635374,0.017472979651475207,-0.16801083499860336,-0.18229851638282724,2020-11-18,-0.048337751670641804,0.28081158945038975,-0.32914934112103156,0.017472979651475207,-0.16801083499860336,-0.18229851638282724,2021-11-30,-0.052669065192634146,0.583436340661504,-0.6361054058541381,0.0589505575968543,-0.16801083499860336,-0.18229851638282724
1216,2019-12-31,2020-03-27T18:32:10+08:00,2020-03-27,2020-03-30,WEAK,UNKNOWN,UNKNOWN,LOW,OK,PROFITABILITY_DURABLE | GROWTH_DURABLE | CASH_CONVERSION_SUPPORTED | BALANCE_SHEET_RESILIENT_NOT_ESTABLISHED | INTEREST_COVERAGE_NOT_ESTABLISHED | MIXED_FUNDAMENTAL_DIRECTION | HISTORICAL_VALUATION_LOW | SIMPLIFIED_DCF_AVAILABLE | MOPS_CONSOLIDATED_PREFERRED_OVER_INDIVIDUAL,MOPS_EXACT,44147aceb527dc6b67a1a19415d01b899f9ccefb91b174289f407a9b1862703f,True,統一,GENERAL,CONSUMER_STAPLES,,LOW,LOW,2020-03-30,FROZEN_STAGE_A_FIRST_TRADE_DATE,YAHOO_ADJUSTED_CLOSE_EXACT_COMMON_TWSE_DATES,CURRENT_CONSTITUENTS_ONLY,,,2020-06-29,0.12539194207115179,0.1746865678948999,-0.049294625823748106,0.16927896127236863,0.0,-0.05982895825110768,2020-09-21,0.039906658217117474,0.3870645456363937,-0.3471578874192762,0.16927896127236863,0.0,-0.11620134643119662,2021-04-14,0.18614326652859536,0.8711800377818868,-0.6850367712532914,0.18614326652859536,-0.005589278145342269,-0.14955219858520785,2022-04-25,0.14188641641519917,0.7968571412457703,-0.6549707248305712,0.2348891419507826,-0.005589278145342269,-0.14955219858520785
1216,2020-03-31,2020-05-13T17:38:29+08:00,2020-05-13,2020-05-14,WEAK,DETERIORATING,DETERIORATING,NORMAL,OK,PROFITABILITY_DURABLE | GROWTH_DURABLE | CASH_CONVERSION_SUPPORTED | BALANCE_SHEET_RESILIENT_NOT_ESTABLISHED | INTEREST_COVERAGE_NOT_ESTABLISHED | DETERIORATION_CORROBORATED | HISTORICAL_VALUATION_NORMAL | SIMPLIFIED_DCF_AVAILABLE | MOPS_SINGLE_ELIGIBLE_FILING,MOPS_EXACT,7863122740e427be986af9b5a0a2bacf2ad0f39a49f5e42474da9cfc574f008b,True,統一,GENERAL,CONSUMER_STAPLES,,NORMAL,NORMAL,2020-05-14,FROZEN_STAGE_A_FIRST_TRADE_DATE,YAHOO_ADJUSTED_CLOSE_EXACT_COMMON_TWSE_DATES,CURRENT_CONSTITUENTS_ONLY,,,2020-08-10,0.021847606232515915,0.2769170270645607,-0.25506942083204476,0.06571424635953527,-0.01285714601775756,-0.06166216374043432,2020-11-05,-0.0729325499236676,0.2823585881923083,-0.3552911381159759,0.06571424635953527,-0.09366566224711115,-0.14955219858520785,2021-05-27,0.06627563269974801,0.6500832099288549,-0.5838075772291069,0.1255132392184526,-0.09366566224711115,-0.14955219858520785,2022-06-08,0.005337951936165597,0.6304575546322271,-0.6251196026960615,0.1255132392184526,-0.09366566224711115,-0.14955219858520785
1216,2020-06-30,2020-08-12T18:44:31+08:00,2020-08-12,2020-08-13,GOOD,UNKNOWN,UNKNOWN,NORMAL,OK,PROFITABILITY_DURABLE | GROWTH_DURABLE | CASH_CONVERSION_SUPPORTED | BALANCE_SHEET_RESILIENT | INTEREST_COVERAGE_SUPPORTED | MIXED_FUNDAMENTAL_DIRECTION | HISTORICAL_VALUATION_NORMAL | SIMPLIFIED_DCF_AVAILABLE | MOPS_SINGLE_ELIGIBLE_FILING,MOPS_EXACT,02e1e24ba3e08b258c69e0efdf1c052ab59743f6c1a1922d3e7446cb5daa7df5,True,統一,GENERAL,CONSUMER_STAPLES,,NORMAL,NORMAL,2020-08-13,FROZEN_STAGE_A_FIRST_TRADE_DATE,YAHOO_ADJUSTED_CLOSE_EXACT_COMMON_TWSE_DATES,CURRENT_CONSTITUENTS_ONLY,,,2020-11-10,-0.058565214271385835,0.02733805778555176,-0.0859032720569376,0.013177035621735556,-0.10395325180377846,-0.11560693078049977,2021-02-03,-0.002928535892221973,0.316814825858055,-0.31974336175027696,0.013177035621735556,-0.10395325180377846,-0.11560693078049977,2021-08-25,0.03367474066705145,0.33688765153235556,-0.3032129108653041,0.11273780110101095,-0.10395325180377846,-0.11560693078049977,2022-09-05,0.04104896408996206,0.16671818145571615,-0.1256692173657541,0.11273780110101095,-0.10395325180377846,-0.13823498452797645
1216,2020-09-30,2020-11-11T18:34:06+08:00,2020-11-11,2020-11-12,GOOD,DETERIORATING,DETERIORATING,LOW,OK,PROFITABILITY_DURABLE | GROWTH_DURABLE | CASH_CONVERSION_SUPPORTED | BALANCE_SHEET_RESILIENT | INTEREST_COVERAGE_SUPPORTED | DETERIORATION_CORROBORATED | HISTORICAL_VALUATION_LOW | SIMPLIFIED_DCF_AVAILABLE | MOPS_SINGLE_ELIGIBLE_FILING,MOPS_EXACT,80127bb9edfbdf8a7108ca18d04a3c19dda919734997f9416317418514fd1403,True,統一,GENERAL,CONSUMER_STAPLES,,LOW,LOW,2020-11-12,FROZEN_STAGE_A_FIRST_TRADE_DATE,YAHOO_ADJUSTED_CLOSE_EXACT_COMMON_TWSE_DATES,CURRENT_CONSTITUENTS_ONLY,,,2021-02-05,0.017777756835275715,0.2659719163725043,-0.24819415953722856,0.017777756835275715,-0.047407280165841725,-0.061313859164319195,2021-05-18,0.09629636134497699,0.24249326097087032,-0.14619689962589333,0.12592602746533,-0.047407280165841725,-0.061313859164319195,2021-11-24,0.03958946793955187,0.3228780830585911,-0.28328861511903924,0.12592602746533,-0.047407280165841725,-0.09342109267995735,2022-12-02,0.042164181981585225,0.14877572124035177,-0.10661153925876654,0.12592602746533,-0.047407280165841725,-0.13823498452797645
1216,2020-12-31,2021-03-24T17:26:15+08:00,2021-03-24,2021-03-25,ACCEPTABLE,UNKNOWN,UNKNOWN,NORMAL,OK,PROFITABILITY_DURABLE | GROWTH_DURABLE_NOT_ESTABLISHED | CASH_CONVERSION_SUPPORTED | BALANCE_SHEET_RESILIENT | INTEREST_COVERAGE_SUPPORTED | MIXED_FUNDAMENTAL_DIRECTION | HISTORICAL_VALUATION_NORMAL | SIMPLIFIED_DCF_AVAILABLE | MOPS_CONSOLIDATED_PREFERRED_OVER_INDIVIDUAL,MOPS_EXACT,f50df679a820eac99fe014597fa878db8c1080f52291779792bbb8ce61803855,True,統一,GENERAL,CONSUMER_STAPLES,,NORMAL,NORMAL,2021-03-25,FROZEN_STAGE_A_FIRST_TRADE_DATE,YAHOO_ADJUSTED_CLOSE_EXACT_COMMON_TWSE_DATES,CURRENT_CONSTITUENTS_ONLY,,,2021-06-24,0.05308476078631741,0.03599847274454193,0.017086288041775477,0.09038751333996853,0.0,-0.05263163901993606,2021-09-16,0.030640425662106674,0.06448170661213548,-0.03384128095002881,0.09038751333996853,-0.011477679600832902,-0.09342109267995735,2022-04-08,-0.015596640142873763,0.04473461791771971,-0.06033125806059347,0.09038751333996853,-0.029020373550234457,-0.10950958758179885,2023-04-21,0.1334874264638013,-0.04160109023038383,0.17508851669418513,0.1474618711114446,-0.060342187696080685,-0.13823498452797645
1216,2021-03-31,2021-05-12T17:59:31+08:00,2021-05-12,2021-05-13,WEAK,UNKNOWN,UNKNOWN,NORMAL,OK,PROFITABILITY_DURABLE | GROWTH_DURABLE_NOT_ESTABLISHED | CASH_CONVERSION_SUPPORTED | BALANCE_SHEET_RESILIENT_NOT_ESTABLISHED | INTEREST_COVERAGE_NOT_ESTABLISHED | MIXED_FUNDAMENTAL_DIRECTION | HISTORICAL_VALUATION_NORMAL | SIMPLIFIED_DCF_AVAILABLE | MOPS_SINGLE_ELIGIBLE_FILING,MOPS_EXACT,3afd0475b5eab2d634a17bf68a3300adc0a29c7027e705a498f39e559f2c882a,True,統一,GENERAL,CONSUMER_STAPLES,,NORMAL,NORMAL,2021-05-13,FROZEN_STAGE_A_FIRST_TRADE_DATE,YAHOO_ADJUSTED_CLOSE_EXACT_COMMON_TWSE_DATES,CURRENT_CONSTITUENTS_ONLY,,,2021-08-06,0.03438775157794183,0.09141157998987492,-0.0570238284119331,0.038514393131531266,-0.009628697715236778,-0.040000015421296276,2021-11-03,-0.03476917408768987,0.07411254278687407,-0.10888171687456394,0.038514393131531266,-0.05226966611212136,-0.08741723739610652,2022-05-24,-0.07909817241344796,-0.007596297906716121,-0.07150187450673184,0.038514393131531266,-0.0819581783541996,-0.11600472009103158,2023-06-06,0.11350899229750588,0.0595886398096892,0.05392035248781668,0.13435001368520627,-0.09911774998105816,-0.13252791104567552
1216,2021-06-30,2021-08-11T18:03:27+08:00,2021-08-11,2021-08-12,ACCEPTABLE,UNKNOWN,UNKNOWN,NORMAL,PARTIAL,PROFITABILITY_DURABLE | GROWTH_DURABLE_NOT_ESTABLISHED | CASH_CONVERSION_SUPPORTED | BALANCE_SHEET_RESILIENT | INTEREST_COVERAGE_SUPPORTED | MIXED_FUNDAMENTAL_DIRECTION | HISTORICAL_VALUATION_NORMAL | SIMPLIFIED_DCF_AVAILABLE | MOPS_SINGLE_ELIGIBLE_FILING,MOPS_EXACT,c1fb08f186ac43aa8efa0c718d36096517cf4ed79c6880bde17dca177d3cdabd,True,統一,GENERAL,CONSUMER_STAPLES,,NORMAL,NORMAL,2021-08-12,FROZEN_STAGE_A_FIRST_TRADE_DATE,YAHOO_ADJUSTED_CLOSE_EXACT_COMMON_TWSE_DATES,CURRENT_CONSTITUENTS_ONLY,,,2021-11-09,-0.041583770033577605,0.027382193088668183,-0.06896596312224579,0.0,-0.05616422521407449,-0.05616422521407449,2022-02-11,-0.020222366415474258,0.08162950755876008,-0.10185187397423434,0.0,-0.06864154794984201,-0.06864154794984201,2022-08-23,-0.023012063535487237,-0.10226303891183586,0.07925097537634862,0.005411317926249826,-0.10281979373880745,-0.10281979373880745,2023-09-07,0.08561441696036565,-0.01625007978607096,0.1018644967464366,0.16823442169898217,-0.10281979373880745,-0.10281979373880745
1216,2021-09-30,2021-11-10T17:51:18+08:00,2021-11-10,2021-11-11,ACCEPTABLE,UNKNOWN,UNKNOWN,NORMAL,PARTIAL,PROFITABILITY_DURABLE | GROWTH_DURABLE_NOT_ESTABLISHED | CASH_CONVERSION_SUPPORTED | BALANCE_SHEET_RESILIENT | INTEREST_COVERAGE_SUPPORTED | MIXED_FUNDAMENTAL_DIRECTION | HISTORICAL_VALUATION_NORMAL | SIMPLIFIED_DCF_AVAILABLE | MOPS_SINGLE_ELIGIBLE_FILING,MOPS_EXACT,30c555a40cb149acc183d5c3a20e80320c27902ec5f60b0e2d6019914c53f584,True,統一,GENERAL,CONSUMER_STAPLES,,NORMAL,NORMAL,2021-11-11,FROZEN_STAGE_A_FIRST_TRADE_DATE,YAHOO_ADJUSTED_CLOSE_EXACT_COMMON_TWSE_DATES,CURRENT_CONSTITUENTS_ONLY,,,2022-02-15,0.010416722715057114,0.04248142464251892,-0.0320647019274618,0.038690497131633084,-0.02678561204359542,-0.04664710600665878,2022-05-16,-0.04017852153934476,-0.09732330012445334,0.05714477858510858,0.038690497131633084,-0.04017852153934476,-0.07593120269105802,2022-11-21,-0.005441281222747563,-0.14958375249047595,0.1441424712677284,0.05059524425440198,-0.062499853411901785,-0.09742108050759513,2023-12-07,0.19742512659348166,0.007410252757378943,0.19001487383610272,0.22073573842667993,-0.062499853411901785,-0.10911097905570644
1216,2021-12-31,2022-03-09T19:46:27+08:00,2022-03-09,2022-03-10,WEAK,UNKNOWN,UNKNOWN,LOW,PARTIAL,PROFITABILITY_DURABLE | GROWTH_DURABLE | CASH_CONVERSION_SUPPORTED | BALANCE_SHEET_RESILIENT_NOT_ESTABLISHED | INTEREST_COVERAGE_NOT_ESTABLISHED | MIXED_FUNDAMENTAL_DIRECTION | HISTORICAL_VALUATION_LOW | SIMPLIFIED_DCF_AVAILABLE | MOPS_CONSOLIDATED_PREFERRED_OVER_INDIVIDUAL,MOPS_EXACT,42250041d124609263d411dc549cc901a7003dcec98ca59e45d9cbc9d87b2eeb,True,統一,GENERAL,CONSUMER_STAPLES,,LOW,LOW,2022-03-10,FROZEN_STAGE_A_FIRST_TRADE_DATE,YAHOO_ADJUSTED_CLOSE_EXACT_COMMON_TWSE_DATES,CURRENT_CONSTITUENTS_ONLY,,,2022-06-08,-0.01060604645226959,-0.05537205265031675,0.04476600619804716,0.039393816585858055,-0.027272761114122357,-0.06413986367454338,2022-08-31,0.04103342579079161,-0.12214342759821795,0.16317685338900956,0.06969687668634306,-0.04545448479544112,-0.08163248619277341,2023-03-22,0.09781704548798786,-0.0771938602652773,0.17501090575326517,0.09781704548798786,-0.04545448479544112,-0.08163248619277341,2024-04-08,0.24058575010751504,0.26361950417626145,-0.023033754068746415,0.28336463204771545,-0.04545448479544112,-0.10911097905570644
1216,2022-03-31,2022-05-11T19:45:38+08:00,2022-05-11,2022-05-12,WEAK,UNKNOWN,UNKNOWN,NORMAL,OK,PROFITABILITY_DURABLE | GROWTH_DURABLE | CASH_CONVERSION_SUPPORTED | BALANCE_SHEET_RESILIENT_NOT_ESTABLISHED | INTEREST_COVERAGE_NOT_ESTABLISHED | MIXED_FUNDAMENTAL_DIRECTION | HISTORICAL_VALUATION_NORMAL | SIMPLIFIED_DCF_AVAILABLE | MOPS_SINGLE_ELIGIBLE_FILING,MOPS_EXACT,9673192f35374086b09c6577b395f96f367b33d665822e1389ae06ed82c35a39,True,統一,GENERAL,CONSUMER_STAPLES,,NORMAL,NORMAL,2022-05-12,FROZEN_STAGE_A_FIRST_TRADE_DATE,YAHOO_ADJUSTED_CLOSE_EXACT_COMMON_TWSE_DATES,CURRENT_CONSTITUENTS_ONLY,,,2022-08-05,0.049004599072802524,0.003130738126380761,0.04587386094642176,0.08116374963750839,-0.0352220045596735,-0.06528181380066378,2022-11-01,0.05378725144260099,-0.16391794232790124,0.21770519377050224,0.08116374963750839,-0.0352220045596735,-0.06528181380066378,2023-05-25,0.19407987840870722,0.05618286432177255,0.13789701408693467,0.21480463435472252,-0.0352220045596735,-0.06528181380066378,2024-06-06,0.33537055067126165,0.5524347915349408,-0.21706424086367915,0.34368544145171254,-0.0352220045596735,-0.10911097905570644
1216,2022-06-30,2022-08-10T16:41:18+08:00,2022-08-10,2022-08-11,WEAK,IMPROVING,TURNING_UP,NORMAL,OK,PROFITABILITY_DURABLE | GROWTH_DURABLE_NOT_ESTABLISHED | CASH_CONVERSION_SUPPORTED | BALANCE_SHEET_RESILIENT_NOT_ESTABLISHED | INTEREST_COVERAGE_NOT_ESTABLISHED | EARLY_REVENUE_RECOVERY | RECOVERY_CORROBORATED | HISTORICAL_VALUATION_NORMAL | SIMPLIFIED_DCF_AVAILABLE | MOPS_SINGLE_ELIGIBLE_FILING,MOPS_EXACT,03997d3e0577811f46cd9328d2a61c82add9fc5db9a635b65f02f4a667930b15,True,統一,GENERAL,CONSUMER_STAPLES,,NORMAL,NORMAL,2022-08-11,FROZEN_STAGE_A_FIRST_TRADE_DATE,YAHOO_ADJUSTED_CLOSE_EXACT_COMMON_TWSE_DATES,CURRENT_CONSTITUENTS_ONLY,CORRECT,,2022-11-07,-0.0030302756340443437,-0.16243225640561954,0.1594019807715752,0.027272750579992122,-0.028787955865412385,-0.054572367867981475,2023-02-10,0.009090894370531233,0.030602303423488575,-0.021511409052957342,0.030303026214036466,-0.03333336931647901,-0.05899710652526624,2023-08-28,0.12372590990243126,0.08324508064242675,0.040480829260004514,0.1939393947571928,-0.03333336931647901,-0.07106602541687301,2024-09-09,0.37684014995796034,0.5292614182216848,-0.15242126826372449,0.3987305416079636,-0.03333336931647901,-0.10911097905570644
1216,2022-09-30,2022-11-09T17:41:25+08:00,2022-11-09,2022-11-10,WEAK,IMPROVING,TURNING_UP,NORMAL,OK,PROFITABILITY_DURABLE | GROWTH_DURABLE_NOT_ESTABLISHED | CASH_CONVERSION_SUPPORTED | BALANCE_SHEET_RESILIENT_NOT_ESTABLISHED | INTEREST_COVERAGE_NOT_ESTABLISHED | EARLY_REVENUE_RECOVERY | RECOVERY_CORROBORATED | HISTORICAL_VALUATION_NORMAL | SIMPLIFIED_DCF_AVAILABLE | MOPS_SINGLE_ELIGIBLE_FILING,MOPS_EXACT,7d2e5eb644089a99cc0a8f07781d2f35a4f88c53b92896b99640068bc72efe4d,True,統一,GENERAL,CONSUMER_STAPLES,,NORMAL,NORMAL,2022-11-10,FROZEN_STAGE_A_FIRST_TRADE_DATE,YAHOO_ADJUSTED_CLOSE_EXACT_COMMON_TWSE_DATES,CURRENT_CONSTITUENTS_ONLY,FALSE_RECOVERY,,2023-02-15,0.024653226733265976,0.1741584541483958,-0.14950522741512984,0.0477657725960523,-0.016949204873505375,-0.0347957867211669,2023-05-18,0.1602465226616625,0.20676029038549104,-0.046513767723828536,0.17411395412263353,-0.016949204873505375,-0.0347957867211669,2023-11-28,0.1540230090104615,0.3155988877110225,-0.161575878700561,0.21417563624699598,-0.016949204873505375,-0.10911097905570644,2024-12-12,0.40517697589491397,1.0119504369694994,-0.6067734610745854,0.5035227079756222,-0.016949204873505375,-0.10911097905570644
1216,2022-12-31,2023-03-10T13:16:24+08:00,2023-03-10,2023-03-13,WEAK,UNKNOWN,UNKNOWN,NORMAL,OK,PROFITABILITY_DURABLE | GROWTH_DURABLE_NOT_ESTABLISHED | CASH_CONVERSION_SUPPORTED | BALANCE_SHEET_RESILIENT_NOT_ESTABLISHED | INTEREST_COVERAGE_NOT_ESTABLISHED | MIXED_FUNDAMENTAL_DIRECTION | HISTORICAL_VALUATION_NORMAL | SIMPLIFIED_DCF_AVAILABLE | MOPS_CONSOLIDATED_PREFERRED_OVER_INDIVIDUAL,MOPS_EXACT,51ed5bdc777dafbb4f2145541ef9973a5406d27a14a4dfb1b9a8cb2b0f1dc0d0,True,統一,GENERAL,CONSUMER_STAPLES,,NORMAL,NORMAL,2023-03-13,FROZEN_STAGE_A_FIRST_TRADE_DATE,YAHOO_ADJUSTED_CLOSE_EXACT_COMMON_TWSE_DATES,CURRENT_CONSTITUENTS_ONLY,,,2023-06-09,0.10948903685998945,0.07575770691871808,0.03373132994127137,0.11240871850716982,0.0,-0.024934217246593504,2023-09-06,0.07053162726260043,0.07609531569911554,-0.005563688436515113,0.15036496995680482,0.0,-0.07106602541687301,2024-03-26,0.14971737970500776,0.3773600501302963,-0.22764267042528852,0.18778752175102364,0.0,-0.10911097905570644,2025-04-14,0.20814494580575782,0.4578567064350636,-0.24971176062930578,0.4245054859904165,0.0,-0.17405764410226965
1216,2023-03-31,2023-05-11T16:49:18+08:00,2023-05-11,2023-05-12,WEAK,UNKNOWN,UNKNOWN,NORMAL,OK,PROFITABILITY_DURABLE | GROWTH_DURABLE_NOT_ESTABLISHED | CASH_CONVERSION_SUPPORTED | BALANCE_SHEET_RESILIENT_NOT_ESTABLISHED | INTEREST_COVERAGE_NOT_ESTABLISHED | MIXED_FUNDAMENTAL_DIRECTION | HISTORICAL_VALUATION_NORMAL | SIMPLIFIED_DCF_AVAILABLE | MOPS_SINGLE_ELIGIBLE_FILING,MOPS_EXACT,4b69a96de566620183dec9c7c1c58e48df6cca7dd8fd7ee01ed9c2c4bd29bef7,True,統一,GENERAL,CONSUMER_STAPLES,,NORMAL,NORMAL,2023-05-12,FROZEN_STAGE_A_FIRST_TRADE_DATE,YAHOO_ADJUSTED_CLOSE_EXACT_COMMON_TWSE_DATES,CURRENT_CONSTITUENTS_ONLY,,,2023-08-09,-0.005818872752479498,0.10117445937413061,-0.10699333212661011,0.05630029786177149,-0.018766765953923792,-0.07106602541687301,2023-11-06,-0.01840348931804925,0.09554739733697115,-0.1139508866550204,0.05630029786177149,-0.058953661814760805,-0.10911097905570644,2024-05-24,0.10604412694912746,0.511329311496217,-0.4052851845470895,0.12981493007282907,-0.058953661814760805,-0.10911097905570644,2025-06-11,0.14270880333417035,0.7029889494657731,-0.5602801461316027,0.30802450392235503,-0.058953661814760805,-0.17405764410226965
1216,2023-06-30,2023-08-11T08:09:30+08:00,2023-08-11,2023-08-14,WEAK,DETERIORATING,DETERIORATING,NORMAL,PARTIAL,PROFITABILITY_DURABLE | GROWTH_DURABLE_NOT_ESTABLISHED | CASH_CONVERSION_SUPPORTED | BALANCE_SHEET_RESILIENT_NOT_ESTABLISHED | INTEREST_COVERAGE_NOT_ESTABLISHED | DETERIORATION_CORROBORATED | HISTORICAL_VALUATION_NORMAL | SIMPLIFIED_DCF_AVAILABLE | MOPS_SINGLE_ELIGIBLE_FILING,MOPS_EXACT,2710f5fa774643ffa2d5bccec0ad1f92338374f1bc0e5accb89f70dbdfbf3bb0,True,統一,GENERAL,CONSUMER_STAPLES,,NORMAL,NORMAL,2023-08-14,FROZEN_STAGE_A_FIRST_TRADE_DATE,YAHOO_ADJUSTED_CLOSE_EXACT_COMMON_TWSE_DATES,CURRENT_CONSTITUENTS_ONLY,,,2023-11-09,-0.032966975617902516,0.022088366070334597,-0.055055341688237114,0.0,-0.07554938997845884,-0.07554938997845884,2024-02-02,0.004120952579315995,0.11044517883459393,-0.10632422625527793,0.023351595513123602,-0.07554938997845884,-0.07554938997845884,2024-08-26,0.16101995657982626,0.49738430958681157,-0.3363643530069853,0.21565931488445056,-0.07554938997845884,-0.09533572838424742,2025-09-08,0.16628915602741068,0.7999506000284424,-0.6336614440010317,0.28495696918180924,-0.07554938997845884,-0.17405764410226965
1216,2023-09-30,2023-11-10T08:30:38+08:00,2023-11-10,2023-11-13,WEAK,UNKNOWN,UNKNOWN,NORMAL,OK,PROFITABILITY_DURABLE | GROWTH_DURABLE_NOT_ESTABLISHED | CASH_CONVERSION_SUPPORTED | BALANCE_SHEET_RESILIENT_NOT_ESTABLISHED | INTEREST_COVERAGE_NOT_ESTABLISHED | MIXED_FUNDAMENTAL_DIRECTION | HISTORICAL_VALUATION_NORMAL | SIMPLIFIED_DCF_AVAILABLE | MOPS_SINGLE_ELIGIBLE_FILING,MOPS_EXACT,2ebc33a428a5e8f8915ffc72c373c59e4011836628f65120cb335b91890818c5,True,統一,GENERAL,CONSUMER_STAPLES,,NORMAL,NORMAL,2023-11-13,FROZEN_STAGE_A_FIRST_TRADE_DATE,YAHOO_ADJUSTED_CLOSE_EXACT_COMMON_TWSE_DATES,CURRENT_CONSTITUENTS_ONLY,,,2024-02-15,0.05300843529513499,0.13185292622455402,-0.07884449092941903,0.06733509232246626,0.0,-0.05637575809110884,2024-05-15,0.13323786142768257,0.32506700080052897,-0.1918291393728464,0.13323786142768257,0.0,-0.05637575809110884,2024-11-27,0.28520992341902285,0.49527088292180155,-0.2100609595027787,0.3401842253877394,0.0,-0.09533572838424742,2025-12-09,0.1532056213120887,1.075745265611269,-0.9225396442991802,0.3401842253877394,0.0,-0.17405764410226965
1216,2023-12-31,2024-03-08T08:22:00+08:00,2024-03-08,2024-03-11,WEAK,STABLE,CONFIRMED_GROWTH,NORMAL,OK,PROFITABILITY_DURABLE | GROWTH_DURABLE_NOT_ESTABLISHED | CASH_CONVERSION_SUPPORTED | BALANCE_SHEET_RESILIENT_NOT_ESTABLISHED | INTEREST_COVERAGE_NOT_ESTABLISHED | GROWTH_CONFIRMED_THREE_PERIODS | HISTORICAL_VALUATION_NORMAL | SIMPLIFIED_DCF_AVAILABLE | MOPS_CONSOLIDATED_PREFERRED_OVER_INDIVIDUAL,MOPS_EXACT,efd72624ffb4c5e77f8b351d04436ecc1708f703669d9999355ea7373699bc74,True,統一,GENERAL,CONSUMER_STAPLES,,NORMAL,NORMAL,2024-03-11,FROZEN_STAGE_A_FIRST_TRADE_DATE,YAHOO_ADJUSTED_CLOSE_EXACT_COMMON_TWSE_DATES,CURRENT_CONSTITUENTS_ONLY,,,2024-06-06,0.048302953255228154,0.13930677831916682,-0.09100382506393867,0.054830373346048455,-0.027415186673024228,-0.049504983972841754,2024-09-03,0.12508585044267728,0.18358434910408872,-0.058498498661411436,0.15535246441205186,-0.027415186673024228,-0.09533572838424742,2025-03-26,0.11425481815756089,0.22960004689338143,-0.11534522873582054,0.2212123765520233,-0.027415186673024228,-0.13858095241137514,2026-04-10,0.008686693866851058,1.1983984990774394,-1.1897118052105884,0.2212123765520233,-0.027415186673024228,-0.2004870985509799
1216,2024-03-31,2024-05-10T08:00:58+08:00,2024-05-10,2024-05-13,WEAK,STABLE,CONFIRMED_GROWTH,NORMAL,OK,PROFITABILITY_DURABLE | GROWTH_DURABLE_NOT_ESTABLISHED | CASH_CONVERSION_SUPPORTED | BALANCE_SHEET_RESILIENT_NOT_ESTABLISHED | INTEREST_COVERAGE_NOT_ESTABLISHED | GROWTH_CONFIRMED_THREE_PERIODS | HISTORICAL_VALUATION_NORMAL | SIMPLIFIED_DCF_AVAILABLE | MOPS_SINGLE_ELIGIBLE_FILING,MOPS_EXACT,3271dc1b099e03cdfa40a27f8f50b216fe40d9a86de37cf401594004d94bb4d6,True,統一,GENERAL,CONSUMER_STAPLES,,NORMAL,NORMAL,2024-05-13,FROZEN_STAGE_A_FIRST_TRADE_DATE,YAHOO_ADJUSTED_CLOSE_EXACT_COMMON_TWSE_DATES,CURRENT_CONSTITUENTS_ONLY,,,2024-08-08,0.05034465674236621,0.0497334719805369,0.0006111847618293087,0.131713497047788,-0.01790280436399616,-0.09533572838424742,2024-11-07,0.16970199913684336,0.2153026127836597,-0.045600613646816335,0.19622588939475638,-0.01790280436399616,-0.09533572838424742,2025-05-28,0.07819472513656178,0.1191547099106629,-0.04095998477410112,0.19622588939475638,-0.01790280436399616,-0.17405764410226965,2026-06-10,0.023827535484572504,1.5554624523082285,-1.531634916823656,0.19622588939475638,-0.05461098283370647,-0.20969022193239484
1216,2024-06-30,2024-08-08T18:27:51+08:00,2024-08-08,2024-08-09,WEAK,UNKNOWN,UNKNOWN,NORMAL,OK,PROFITABILITY_DURABLE | GROWTH_DURABLE_NOT_ESTABLISHED | CASH_CONVERSION_SUPPORTED | BALANCE_SHEET_RESILIENT_NOT_ESTABLISHED | INTEREST_COVERAGE_NOT_ESTABLISHED | MIXED_FUNDAMENTAL_DIRECTION | HISTORICAL_VALUATION_NORMAL | SIMPLIFIED_DCF_AVAILABLE | MOPS_SINGLE_ELIGIBLE_FILING,MOPS_EXACT,4231ac39fa4d784d02bad3555f0c9a72695595ea70da9cb073a120f3e712a0ad,True,統一,GENERAL,CONSUMER_STAPLES,,NORMAL,NORMAL,2024-08-09,FROZEN_STAGE_A_FIRST_TRADE_DATE,YAHOO_ADJUSTED_CLOSE_EXACT_COMMON_TWSE_DATES,CURRENT_CONSTITUENTS_ONLY,,,2024-11-08,0.06723712395167802,0.13164616503617466,-0.06440904108449663,0.10268945677872243,-0.0158924458825751,-0.03455962974965354,2025-02-12,-0.02200494829291544,0.13690963262836497,-0.1589145809212804,0.10268945677872243,-0.05012229835565474,-0.13858095241137514,2025-08-22,-0.01690478883808111,0.20181844164227924,-0.21872323048036035,0.10268945677872243,-0.08924207224459346,-0.17405764410226965,,,,,,,
1216,2024-09-30,2024-11-13T08:03:32+08:00,2024-11-13,2024-11-14,WEAK,UNKNOWN,UNKNOWN,NORMAL,PARTIAL,PROFITABILITY_DURABLE | GROWTH_DURABLE_NOT_ESTABLISHED | CASH_CONVERSION_SUPPORTED | BALANCE_SHEET_RESILIENT_NOT_ESTABLISHED | INTEREST_COVERAGE_NOT_ESTABLISHED | MIXED_FUNDAMENTAL_DIRECTION | HISTORICAL_VALUATION_NORMAL | SIMPLIFIED_DCF_AVAILABLE | MOPS_SINGLE_ELIGIBLE_FILING,MOPS_EXACT,c5b1aebced288061535ae5b050cef24aef09d7f30861a309bdd1a3e6b42d7775,True,統一,GENERAL,CONSUMER_STAPLES,,NORMAL,NORMAL,2024-11-14,FROZEN_STAGE_A_FIRST_TRADE_DATE,YAHOO_ADJUSTED_CLOSE_EXACT_COMMON_TWSE_DATES,CURRENT_CONSTITUENTS_ONLY,,,2025-02-18,-0.058139469211561545,0.04911923738669288,-0.10725870659825443,0.011627970422728673,-0.09651161844573342,-0.10689659838416077,2025-05-19,-0.03488371981714511,-0.04217765877548307,0.007293938958337964,0.011627970422728673,-0.1337208940572161,-0.1436781788657029,2025-11-26,-0.09266728154359316,0.31175314097402973,-0.4044204225176229,0.011627970422728673,-0.1337208940572161,-0.1436781788657029,,,,,,,
1216,2024-12-31,2025-03-07T08:21:30+08:00,2025-03-07,2025-03-10,WEAK,UNKNOWN,UNKNOWN,NORMAL,OK,PROFITABILITY_DURABLE | GROWTH_DURABLE | CASH_CONVERSION_SUPPORTED | BALANCE_SHEET_RESILIENT_NOT_ESTABLISHED | INTEREST_COVERAGE_NOT_ESTABLISHED | MIXED_FUNDAMENTAL_DIRECTION | HISTORICAL_VALUATION_NORMAL | SIMPLIFIED_DCF_AVAILABLE | MOPS_CONSOLIDATED_PREFERRED_OVER_INDIVIDUAL,MOPS_EXACT,b613edeca3a949c23b53ffd68e0808470ccf830ea185d285aaf6598182d18f98,True,統一,GENERAL,CONSUMER_STAPLES,,NORMAL,NORMAL,2025-03-10,FROZEN_STAGE_A_FIRST_TRADE_DATE,YAHOO_ADJUSTED_CLOSE_EXACT_COMMON_TWSE_DATES,CURRENT_CONSTITUENTS_ONLY,,,2025-06-06,-0.045838445477769274,-0.017813785740491306,-0.028024659737277968,0.002412419097366225,-0.1013269645654532,-0.1034897230784837,2025-08-29,-0.03120116981422494,0.14159110114714024,-0.17279227096136518,0.04945712377637479,-0.1013269645654532,-0.1034897230784837,2026-03-23,-0.13008373903609494,0.6373240983234039,-0.7674078373594988,0.04945712377637479,-0.13008373903609494,-0.17107975042030155,,,,,,,
1216,2025-03-31,2025-05-09T14:01:11+08:00,2025-05-09,2025-05-12,WEAK,DETERIORATING,DETERIORATING,NORMAL,OK,PROFITABILITY_DURABLE | GROWTH_DURABLE | CASH_CONVERSION_SUPPORTED | BALANCE_SHEET_RESILIENT_NOT_ESTABLISHED | INTEREST_COVERAGE_NOT_ESTABLISHED | DETERIORATION_CORROBORATED | HISTORICAL_VALUATION_NORMAL | SIMPLIFIED_DCF_AVAILABLE | MOPS_SINGLE_ELIGIBLE_FILING,MOPS_EXACT,3ab72fb64520019fd203892eab948e0b7542c6578ad6bd0b212d2b690286c351,True,統一,GENERAL,CONSUMER_STAPLES,,NORMAL,NORMAL,2025-05-12,FROZEN_STAGE_A_FIRST_TRADE_DATE,YAHOO_ADJUSTED_CLOSE_EXACT_COMMON_TWSE_DATES,CURRENT_CONSTITUENTS_ONLY,,,2025-08-05,0.031180061819840788,0.17289290545141744,-0.14171284363157666,0.08343699861084763,-0.03486936329664814,-0.06626502498829367,2025-11-03,0.009212489043125327,0.46241156713223086,-0.45319907808910553,0.08343699861084763,-0.03486936329664814,-0.08997675720691711,2026-05-25,-0.07994976497183248,1.3303459323875355,-1.410295697359368,0.08343699861084763,-0.1122548863816939,-0.18062137922505161,,,,,,,
1216,2025-06-30,2025-08-08T08:06:43+08:00,2025-08-08,2025-08-11,WEAK,STABLE,CONFIRMED_GROWTH,NORMAL,OK,PROFITABILITY_DURABLE | GROWTH_DURABLE | CASH_CONVERSION_SUPPORTED | BALANCE_SHEET_RESILIENT_NOT_ESTABLISHED | INTEREST_COVERAGE_NOT_ESTABLISHED | GROWTH_CONFIRMED_THREE_PERIODS | HISTORICAL_VALUATION_NORMAL | SIMPLIFIED_DCF_AVAILABLE | MOPS_SINGLE_ELIGIBLE_FILING,MOPS_EXACT,6bed8dbab8d4bfc4a715c8ac03470445f80b777b3fa0b950a7655adc4746196e,True,統一,GENERAL,CONSUMER_STAPLES,,NORMAL,NORMAL,2025-08-11,FROZEN_STAGE_A_FIRST_TRADE_DATE,YAHOO_ADJUSTED_CLOSE_EXACT_COMMON_TWSE_DATES,CURRENT_CONSTITUENTS_ONLY,,,2025-11-07,-0.017994845504327506,0.18353833584532664,-0.20153318134965414,0.02699231924465728,-0.01928015519166093,-0.04380477234929314,2026-02-03,-0.06812335097897793,0.39980387157741837,-0.4679272225563963,0.0347043813213217,-0.07969154607030637,-0.11055904416442497,2026-08-24,0.034547133817523834,1.0038907542887627,-0.9693436204712389,0.04524006605210973,-0.11696664874262674,-0.14658392561386846,,,,,,,
1216,2025-09-30,2025-11-07T08:17:19+08:00,2025-11-07,2025-11-10,WEAK,STABLE,CONFIRMED_GROWTH,NORMAL,OK,PROFITABILITY_DURABLE | GROWTH_DURABLE | CASH_CONVERSION_SUPPORTED | BALANCE_SHEET_RESILIENT_NOT_ESTABLISHED | INTEREST_COVERAGE_NOT_ESTABLISHED | GROWTH_CONFIRMED_THREE_PERIODS | HISTORICAL_VALUATION_NORMAL | SIMPLIFIED_DCF_AVAILABLE | MOPS_SINGLE_ELIGIBLE_FILING,MOPS_EXACT,e92fcac77cd076203a66d525667e5b9b9ad0c4930ac2402b8352126d5922ace2,True,統一,GENERAL,CONSUMER_STAPLES,,NORMAL,NORMAL,2025-11-10,FROZEN_STAGE_A_FIRST_TRADE_DATE,YAHOO_ADJUSTED_CLOSE_EXACT_COMMON_TWSE_DATES,CURRENT_CONSTITUENTS_ONLY,,,2026-02-04,-0.04503316783828837,0.16699191798997393,-0.2120250858282623,0.06622512937542835,-0.051655701792409414,-0.11055904416442497,2026-05-14,-0.009271568552347675,0.5375798598285986,-0.5468514283809462,0.06622512937542835,-0.09006633567657674,-0.14658392561386846,,,,,,,,,,,,,,
1216,2025-12-31,2026-03-06T08:25:05+08:00,2026-03-06,2026-03-09,WEAK,DETERIORATING,DETERIORATING,NORMAL,OK,PROFITABILITY_DURABLE | GROWTH_DURABLE | CASH_CONVERSION_SUPPORTED | BALANCE_SHEET_RESILIENT_NOT_ESTABLISHED | INTEREST_COVERAGE_NOT_ESTABLISHED | DETERIORATION_CORROBORATED | HISTORICAL_VALUATION_NORMAL | SIMPLIFIED_DCF_AVAILABLE | MOPS_CONSOLIDATED_PREFERRED_OVER_INDIVIDUAL,MOPS_EXACT,0388fb1de80f7904b98ec1c0fef529224af3907d90c5abc460c8ea4c3f941df9,True,統一,GENERAL,CONSUMER_STAPLES,,NORMAL,NORMAL,2026-03-09,FROZEN_STAGE_A_FIRST_TRADE_DATE,YAHOO_ADJUSTED_CLOSE_EXACT_COMMON_TWSE_DATES,CURRENT_CONSTITUENTS_ONLY,,,2026-06-04,0.039547878885132226,0.44157610466899544,-0.4020282257838632,0.06920892812239332,-0.029661161295990612,-0.07265520481307719,2026-08-28,0.1118635232250682,0.46196750687356203,-0.3501039836484938,0.14858292771808523,-0.029661161295990612,-0.07265520481307719,,,,,,,,,,,,,,
1216,2026-03-31,2026-05-08T08:34:02+08:00,2026-05-08,2026-05-11,WEAK,UNKNOWN,UNKNOWN,LOW,OK,PROFITABILITY_DURABLE | GROWTH_DURABLE | CASH_CONVERSION_SUPPORTED | BALANCE_SHEET_RESILIENT_NOT_ESTABLISHED | INTEREST_COVERAGE_NOT_ESTABLISHED | MIXED_FUNDAMENTAL_DIRECTION | HISTORICAL_VALUATION_LOW | SIMPLIFIED_DCF_AVAILABLE | MOPS_SINGLE_ELIGIBLE_FILING,MOPS_EXACT,564f50cdfb8c16654e54267ffac3ae704eba735de0c28baf6c03a9bfaaadd973,True,統一,GENERAL,CONSUMER_STAPLES,,LOW,LOW,2026-05-11,FROZEN_STAGE_A_FIRST_TRADE_DATE,YAHOO_ADJUSTED_CLOSE_EXACT_COMMON_TWSE_DATES,CURRENT_CONSTITUENTS_ONLY,,,2026-08-04,0.0398935996041494,0.045020392414261146,-0.005126792810111747,0.086603575215626,-0.05006770534128746,-0.07265520481307719,,,,,,,,,,,,,,,,,,,,,
1216,2026-06-30,2026-08-07T08:14:46+08:00,2026-08-07,2026-08-10,WEAK,DETERIORATING,DETERIORATING,LOW,OK,PROFITABILITY_DURABLE | GROWTH_DURABLE | CASH_CONVERSION_SUPPORTED | BALANCE_SHEET_RESILIENT_NOT_ESTABLISHED | INTEREST_COVERAGE_NOT_ESTABLISHED | DETERIORATION_CORROBORATED | HISTORICAL_VALUATION_LOW | SIMPLIFIED_DCF_AVAILABLE | MOPS_SINGLE_ELIGIBLE_FILING,MOPS_EXACT,3e6e6afdb8f4e71b6581d66c0e862871d21f52d9385e7650bd23c9de28a9008b,True,統一,GENERAL,CONSUMER_STAPLES,,LOW,LOW,2026-08-10,FROZEN_STAGE_A_FIRST_TRADE_DATE,YAHOO_ADJUSTED_CLOSE_EXACT_COMMON_TWSE_DATES,CURRENT_CONSTITUENTS_ONLY,,,,,,,,,,,,,,,,,,,,,,,,,,,,,,
1303,2016-03-31,2016-05-10T17:14:50+08:00,2016-05-10,2016-05-11,UNKNOWN,UNKNOWN,UNKNOWN,N/M,INSUFFICIENT,QUALITY_HISTORY_INSUFFICIENT | STATE_HISTORY_INSUFFICIENT | VALUATION_SECTOR_CYCLICAL_NORMALIZED_EPS | SIMPLIFIED_DCF_NOT_APPLICABLE | MOPS_SINGLE_ELIGIBLE_FILING,MOPS_EXACT,61bbabcc9bd5f0d8ae248b639001ddd7859dd4a86818f3a55f21968f5c5b8a5c,True,南亞,CYCLICAL,PETROCHEMICAL,,N/M,NOT_MEANINGFUL,2016-05-11,FROZEN_STAGE_A_FIRST_TRADE_DATE,YAHOO_ADJUSTED_CLOSE_EXACT_COMMON_TWSE_DATES,CURRENT_CONSTITUENTS_ONLY,,,2016-08-05,0.05203787102640933,0.17726437459289723,-0.1252265035664879,0.06740867949668461,-0.04051868718253859,-0.05732472314937387,2016-11-02,0.10156564287251002,0.21363081925426686,-0.11206517638175684,0.12206002084218093,-0.04051868718253859,-0.05732472314937387,2017-05-23,0.20916060235982115,0.3221012951387725,-0.11294069277895136,0.34920460207510073,-0.04051868718253859,-0.11898734815012624,2018-06-04,0.5661740242124398,0.47983532302565024,0.08633870118678955,0.5843010631431704,-0.04051868718253859,-0.11898734815012624
1303,2016-06-30,2016-08-11T16:59:29+08:00,2016-08-11,2016-08-12,UNKNOWN,UNKNOWN,UNKNOWN,N/M,INSUFFICIENT,QUALITY_HISTORY_INSUFFICIENT | STATE_HISTORY_INSUFFICIENT | VALUATION_SECTOR_CYCLICAL_NORMALIZED_EPS | SIMPLIFIED_DCF_NOT_APPLICABLE | MOPS_SINGLE_ELIGIBLE_FILING,MOPS_EXACT,683f5dc71489e6007ec5c9be62cc88862229425d01aaaf4feea23c3f2b85658e,True,南亞,CYCLICAL,PETROCHEMICAL,,N/M,NOT_MEANINGFUL,2016-08-12,FROZEN_STAGE_A_FIRST_TRADE_DATE,YAHOO_ADJUSTED_CLOSE_EXACT_COMMON_TWSE_DATES,CURRENT_CONSTITUENTS_ONLY,,,2016-11-09,0.028754131931944205,-0.002848858423696088,0.03160299035564029,0.04952081278081932,-0.04792339737146012,-0.05095561112189251,2017-02-10,0.2332268576745229,0.06165968172200165,0.17156717595252124,0.2332268576745229,-0.04792339737146012,-0.05095561112189251,2017-08-24,0.2885903975538029,0.21419881682472885,0.07439158072907404,0.29537242324074375,-0.04792339737146012,-0.11898734815012624,2018-09-04,0.5213841212251558,0.3236011645778234,0.19778295664733236,0.5411889678001525,-0.04792339737146012,-0.11898734815012624
1303,2016-09-30,2016-11-10T16:35:45+08:00,2016-11-10,2016-11-11,UNKNOWN,UNKNOWN,UNKNOWN,N/M,INSUFFICIENT,QUALITY_HISTORY_INSUFFICIENT | STATE_HISTORY_INSUFFICIENT | VA.0026880680719396643,0.020261093593202384,-0.01757302552126272,0.017472979651475207,-0.034946227894883886,-0.04887704471864285,2020-05-11,-0.04569903736650982,-0.054242935357145194,0.008543897990635374,0.017472979651475207,-0.16801083499860336,-0.18229851638282724,2020-11-18,-0.048337751670641804,0.28081158945038975,-0.32914934112103156,0.017472979651475207,-0.16801083499860336,-0.18229851638282724,2021-11-30,-0.052669065192634146,0.583436340661504,-0.6361054058541381,0.0589505575968543,-0.16801083499860336,-0.18229851638282724
1216,2019-12-31,2020-03-27T18:32:10+08:00,2020-03-27,2020-03-30,WEAK,UNKNOWN,UNKNOWN,LOW,OK,PROFITABILITY_DURABLE | GROWTH_DURABLE | CASH_CONVERSION_SUPPORTED | BALANCE_SHEET_RESILIENT_NOT_ESTABLISHED | INTEREST_COVERAGE_NOT_ESTABLISHED | MIXED_FUNDAMENTAL_DIRECTION | HISTORICAL_VALUATION_LOW | SIMPLIFIED_DCF_AVAILABLE | MOPS_CONSOLIDATED_PREFERRED_OVER_INDIVIDUAL,MOPS_EXACT,44147aceb527dc6b67a1a19415d01b899f9ccefb91b174289f407a9b1862703f,True,統一,GENERAL,CONSUMER_STAPLES,,LOW,LOW,2020-03-30,FROZEN_STAGE_A_FIRST_TRADE_DATE,YAHOO_ADJUSTED_CLOSE_EXACT_COMMON_TWSE_DATES,CURRENT_CONSTITUENTS_ONLY,,,2020-06-29,0.12539194207115179,0.1746865678948999,-0.049294625823748106,0.16927896127236863,0.0,-0.05982895825110768,2020-09-21,0.039906658217117474,0.3870645456363937,-0.3471578874192762,0.16927896127236863,0.0,-0.11620134643119662,2021-04-14,0.18614326652859536,0.8711800377818868,-0.6850367712532914,0.18614326652859536,-0.005589278145342269,-0.14955219858520785,2022-04-25,0.14188641641519917,0.7968571412457703,-0.6549707248305712,0.2348891419507826,-0.005589278145342269,-0.14955219858520785
1216,2020-03-31,2020-05-13T17:38:29+08:00,2020-05-13,2020-05-14,WEAK,DETERIORATING,DETERIORATING,NORMAL,OK,PROFITABILITY_DURABLE | GROWTH_DURABLE | CASH_CONVERSION_SUPPORTED | BALANCE_SHEET_RESILIENT_NOT_ESTABLISHED | INTEREST_COVERAGE_NOT_ESTABLISHED | DETERIORATION_CORROBORATED | HISTORICAL_VALUATION_NORMAL | SIMPLIFIED_DCF_AVAILABLE | MOPS_SINGLE_ELIGIBLE_FILING,MOPS_EXACT,7863122740e427be986af9b5a0a2bacf2ad0f39a49f5e42474da9cfc574f008b,True,統一,GENERAL,CONSUMER_STAPLES,,NORMAL,NORMAL,2020-05-14,FROZEN_STAGE_A_FIRST_TRADE_DATE,YAHOO_ADJUSTED_CLOSE_EXACT_COMMON_TWSE_DATES,CURRENT_CONSTITUENTS_ONLY,,,2020-08-10,0.021847606232515915,0.2769170270645607,-0.25506942083204476,0.06571424635953527,-0.01285714601775756,-0.06166216374043432,2020-11-05,-0.0729325499236676,0.2823585881923083,-0.3552911381159759,0.06571424635953527,-0.09366566224711115,-0.14955219858520785,2021-05-27,0.06627563269974801,0.6500832099288549,-0.5838075772291069,0.1255132392184526,-0.09366566224711115,-0.14955219858520785,2022-06-08,0.005337951936165597,0.6304575546322271,-0.6251196026960615,0.1255132392184526,-0.09366566224711115,-0.14955219858520785
1216,2020-06-30,2020-08-12T18:44:31+08:00,2020-08-12,2020-08-13,GOOD,UNKNOWN,UNKNOWN,NORMAL,OK,PROFITABILITY_DURABLE | GROWTH_DURABLE | CASH_CONVERSION_SUPPORTED | BALANCE_SHEET_RESILIENT | INTEREST_COVERAGE_SUPPORTED | MIXED_FUNDAMENTAL_DIRECTION | HISTORICAL_VALUATION_NORMAL | SIMPLIFIED_DCF_AVAILABLE | MOPS_SINGLE_ELIGIBLE_FILING,MOPS_EXACT,02e1e24ba3e08b258c69e0efdf1c052ab59743f6c1a1922d3e7446cb5daa7df5,True,統一,GENERAL,CONSUMER_STAPLES,,NORMAL,NORMAL,2020-08-13,FROZEN_STAGE_A_FIRST_TRADE_DATE,YAHOO_ADJUSTED_CLOSE_EXACT_COMMON_TWSE_DATES,CURRENT_CONSTITUENTS_ONLY,,,2020-11-10,-0.058565214271385835,0.02733805778555176,-0.0859032720569376,0.013177035621735556,-0.10395325180377846,-0.11560693078049977,2021-02-03,-0.002928535892221973,0.316814825858055,-0.31974336175027696,0.013177035621735556,-0.10395325180377846,-0.11560693078049977,2021-08-25,0.03367474066705145,0.33688765153235556,-0.3032129108653041,0.11273780110101095,-0.10395325180377846,-0.11560693078049977,2022-09-05,0.04104896408996206,0.16671818145571615,-0.1256692173657541,0.11273780110101095,-0.10395325180377846,-0.13823498452797645
1216,2020-09-30,2020-11-11T18:34:06+08:00,2020-11-11,2020-11-12,GOOD,DETERIORATING,DETERIORATING,LOW,OK,PROFITABILITY_DURABLE | GROWTH_DURABLE | CASH_CONVERSION_SUPPORTED | BALANCE_SHEET_RESILIENT | INTEREST_COVERAGE_SUPPORTED | DETERIORATION_CORROBORATED | HISTORICAL_VALUATION_LOW | SIMPLIFIED_DCF_AVAILABLE | MOPS_SINGLE_ELIGIBLE_FILING,MOPS_EXACT,80127bb9edfbdf8a7108ca18d04a3c19dda919734997f9416317418514fd1403,True,統一,GENERAL,CONSUMER_STAPLES,,LOW,LOW,2020-11-12,FROZEN_STAGE_A_FIRST_TRADE_DATE,YAHOO_ADJUSTED_CLOSE_EXACT_COMMON_TWSE_DATES,CURRENT_CONSTITUENTS_ONLY,,,2021-02-05,0.017777756835275715,0.2659719163725043,-0.24819415953722856,0.017777756835275715,-0.047407280165841725,-0.061313859164319195,2021-05-18,0.09629636134497699,0.24249326097087032,-0.14619689962589333,0.12592602746533,-0.047407280165841725,-0.061313859164319195,2021-11-24,0.03958946793955187,0.3228780830585911,-0.28328861511903924,0.12592602746533,-0.047407280165841725,-0.09342109267995735,2022-12-02,0.042164181981585225,0.14877572124035177,-0.10661153925876654,0.12592602746533,-0.047407280165841725,-0.13823498452797645
1216,2020-12-31,2021-03-24T17:26:15+08:00,2021-03-24,2021-03-25,ACCEPTABLE,UNKNOWN,UNKNOWN,NORMAL,OK,PROFITABILITY_DURABLE | GROWTH_DURABLE_NOT_ESTABLISHED | CASH_CONVERSION_SUPPORTED | BALANCE_SHEET_RESILIENT | INTEREST_COVERAGE_SUPPORTED | MIXED_FUNDAMENTAL_DIRECTION | HISTORICAL_VALUATION_NORMAL | SIMPLIFIED_DCF_AVAILABLE | MOPS_CONSOLIDATED_PREFERRED_OVER_INDIVIDUAL,MOPS_EXACT,f50df679a820eac99fe014597fa878db8c1080f52291779792bbb8ce61803855,True,統一,GENERAL,CONSUMER_STAPLES,,NORMAL,NORMAL,2021-03-25,FROZEN_STAGE_A_FIRST_TRADE_DATE,YAHOO_ADJUSTED_CLOSE_EXACT_COMMON_TWSE_DATES,CURRENT_CONSTITUENTS_ONLY,,,2021-06-24,0.05308476078631741,0.03599847274454193,0.017086288041775477,0.09038751333996853,0.0,-0.05263163901993606,2021-09-16,0.030640425662106674,0.06448170661213548,-0.03384128095002881,0.09038751333996853,-0.011477679600832902,-0.09342109267995735,2022-04-08,-0.015596640142873763,0.04473461791771971,-0.06033125806059347,0.09038751333996853,-0.029020373550234457,-0.10950958758179885,2023-04-21,0.1334874264638013,-0.04160109023038383,0.17508851669418513,0.1474618711114446,-0.060342187696080685,-0.13823498452797645
1216,2021-03-31,2021-05-12T17:59:31+08:00,2021-05-12,2021-05-13,WEAK,UNKNOWN,UNKNOWN,NORMAL,OK,PROFITABILITY_DURABLE | GROWTH_DURABLE_NOT_ESTABLISHED | CASH_CONVERSION_SUPPORTED | BALANCE_SHEET_RESILIENT_NOT_ESTABLISHED | INTEREST_COVERAGE_NOT_ESTABLISHED | MIXED_FUNDAMENTAL_DIRECTION | HISTORICAL_VALUATION_NORMAL | SIMPLIFIED_DCF_AVAILABLE | MOPS_SINGLE_ELIGIBLE_FILING,MOPS_EXACT,3afd0475b5eab2d634a17bf68a3300adc0a29c7027e705a498f39e559f2c882a,True,統一,GENERAL,CONSUMER_STAPLES,,NORMAL,NORMAL,2021-05-13,FROZEN_STAGE_A_FIRST_TRADE_DATE,YAHOO_ADJUSTED_CLOSE_EXACT_COMMON_TWSE_DATES,CURRENT_CONSTITUENTS_ONLY,,,2021-08-06,0.03438775157794183,0.09141157998987492,-0.0570238284119331,0.038514393131531266,-0.009628697715236778,-0.040000015421296276,2021-11-03,-0.03476917408768987,0.07411254278687407,-0.10888171687456394,0.038514393131531266,-0.05226966611212136,-0.08741723739610652,2022-05-24,-0.07909817241344796,-0.007596297906716121,-0.07150187450673184,0.038514393131531266,-0.0819581783541996,-0.11600472009103158,2023-06-06,0.11350899229750588,0.0595886398096892,0.05392035248781668,0.13435001368520627,-0.09911774998105816,-0.13252791104567552
1216,2021-06-30,2021-08-11T18:03:27+08:00,2021-08-11,2021-08-12,ACCEPTABLE,UNKNOWN,UNKNOWN,NORMAL,PARTIAL,PROFITABILITY_DURABLE | GROWTH_DURABLE_NOT_ESTABLISHED | CASH_CONVERSION_SUPPORTED | BALANCE_SHEET_RESILIENT | INTEREST_COVERAGE_SUPPORTED | MIXED_FUNDAMENTAL_DIRECTION | HISTORICAL_VALUATION_NORMAL | SIMPLIFIED_DCF_AVAILABLE | MOPS_SINGLE_ELIGIBLE_FILING,MOPS_EXACT,c1fb08f186ac43aa8efa0c718d36096517cf4ed79c6880bde17dca177d3cdabd,True,統一,GENERAL,CONSUMER_STAPLES,,NORMAL,NORMAL,2021-08-12,FROZEN_STAGE_A_FIRST_TRADE_DATE,YAHOO_ADJUSTED_CLOSE_EXACT_COMMON_TWSE_DATES,CURRENT_CONSTITUENTS_ONLY,,,2021-11-09,-0.041583770033577605,0.027382193088668183,-0.06896596312224579,0.0,-0.05616422521407449,-0.05616422521407449,2022-02-11,-0.020222366415474258,0.08162950755876008,-0.10185187397423434,0.0,-0.06864154794984201,-0.06864154794984201,2022-08-23,-0.023012063535487237,-0.10226303891183586,0.07925097537634862,0.005411317926249826,-0.10281979373880745,-0.10281979373880745,2023-09-07,0.08561441696036565,-0.01625007978607096,0.1018644967464366,0.16823442169898217,-0.10281979373880745,-0.10281979373880745
1216,2021-09-30,2021-11-10T17:51:18+08:00,2021-11-10,2021-11-11,ACCEPTABLE,UNKNOWN,UNKNOWN,NORMAL,PARTIAL,PROFITABILITY_DURABLE | GROWTH_DURABLE_NOT_ESTABLISHED | CASH_CONVERSION_SUPPORTED | BALANCE_SHEET_RESILIENT | INTEREST_COVERAGE_SUPPORTED | MIXED_FUNDAMENTAL_DIRECTION | HISTORICAL_VALUATION_NORMAL | SIMPLIFIED_DCF_AVAILABLE | MOPS_SINGLE_ELIGIBLE_FILING,MOPS_EXACT,30c555a40cb149acc183d5c3a20e80320c27902ec5f60b0e2d6019914c53f584,True,統一,GENERAL,CONSUMER_STAPLES,,NORMAL,NORMAL,2021-11-11,FROZEN_STAGE_A_FIRST_TRADE_DATE,YAHOO_ADJUSTED_CLOSE_EXACT_COMMON_TWSE_DATES,CURRENT_CONSTITUENTS_ONLY,,,2022-02-15,0.010416722715057114,0.04248142464251892,-0.0320647019274618,0.038690497131633084,-0.02678561204359542,-0.04664710600665878,2022-05-16,-0.04017852153934476,-0.09732330012445334,0.05714477858510858,0.038690497131633084,-0.04017852153934476,-0.07593120269105802,2022-11-21,-0.005441281222747563,-0.14958375249047595,0.1441424712677284,0.05059524425440198,-0.062499853411901785,-0.09742108050759513,2023-12-07,0.19742512659348166,0.007410252757378943,0.19001487383610272,0.22073573842667993,-0.062499853411901785,-0.10911097905570644
1216,2021-12-31,2022-03-09T19:46:27+08:00,2022-03-09,2022-03-10,WEAK,UNKNOWN,UNKNOWN,LOW,PARTIAL,PROFITABILITY_DURABLE | GROWTH_DURABLE | CASH_CONVERSION_SUPPORTED | BALANCE_SHEET_RESILIENT_NOT_ESTABLISHED | INTEREST_COVERAGE_NOT_ESTABLISHED | MIXED_FUNDAMENTAL_DIRECTION | HISTORICAL_VALUATION_LOW | SIMPLIFIED_DCF_AVAILABLE | MOPS_CONSOLIDATED_PREFERRED_OVER_INDIVIDUAL,MOPS_EXACT,42250041d124609263d411dc549cc901a7003dcec98ca59e45d9cbc9d87b2eeb,True,統一,GENERAL,CONSUMER_STAPLES,,LOW,LOW,2022-03-10,FROZEN_STAGE_A_FIRST_TRADE_DATE,YAHOO_ADJUSTED_CLOSE_EXACT_COMMON_TWSE_DATES,CURRENT_CONSTITUENTS_ONLY,,,2022-06-08,-0.01060604645226959,-0.05537205265031675,0.04476600619804716,0.039393816585858055,-0.027272761114122357,-0.06413986367454338,2022-08-31,0.04103342579079161,-0.12214342759821795,0.16317685338900956,0.06969687668634306,-0.04545448479544112,-0.08163248619277341,2023-03-22,0.09781704548798786,-0.0771938602652773,0.17501090575326517,0.09781704548798786,-0.04545448479544112,-0.08163248619277341,2024-04-08,0.24058575010751504,0.26361950417626145,-0.023033754068746415,0.28336463204771545,-0.04545448479544112,-0.10911097905570644
1216,2022-03-31,2022-05-11T19:45:38+08:00,2022-05-11,2022-05-12,WEAK,UNKNOWN,UNKNOWN,NORMAL,OK,PROFITABILITY_DURABLE | GROWTH_DURABLE | CASH_CONVERSION_SUPPORTED | BALANCE_SHEET_RESILIENT_NOT_ESTABLISHED | INTEREST_COVERAGE_NOT_ESTABLISHED | MIXED_FUNDAMENTAL_DIRECTION | HISTORICAL_VALUATION_NORMAL | SIMPLIFIED_DCF_AVAILABLE | MOPS_SINGLE_ELIGIBLE_FILING,MOPS_EXACT,9673192f35374086b09c6577b395f96f367b33d665822e1389ae06ed82c35a39,True,統一,GENERAL,CONSUMER_STAPLES,,NORMAL,NORMAL,2022-05-12,FROZEN_STAGE_A_FIRST_TRADE_DATE,YAHOO_ADJUSTED_CLOSE_EXACT_COMMON_TWSE_DATES,CURRENT_CONSTITUENTS_ONLY,,,2022-08-05,0.049004599072802524,0.003130738126380761,0.04587386094642176,0.08116374963750839,-0.0352220045596735,-0.06528181380066378,2022-11-01,0.05378725144260099,-0.16391794232790124,0.21770519377050224,0.08116374963750839,-0.0352220045596735,-0.06528181380066378,2023-05-25,0.19407987840870722,0.05618286432177255,0.13789701408693467,0.21480463435472252,-0.0352220045596735,-0.06528181380066378,2024-06-06,0.33537055067126165,0.5524347915349408,-0.21706424086367915,0.34368544145171254,-0.0352220045596735,-0.10911097905570644
1216,2022-06-30,2022-08-10T16:41:18+08:00,2022-08-10,2022-08-11,WEAK,IMPROVING,TURNING_UP,NORMAL,OK,PROFITABILITY_DURABLE | GROWTH_DURABLE_NOT_ESTABLISHED | CASH_CONVERSION_SUPPORTED | BALANCE_SHEET_RESILIENT_NOT_ESTABLISHED | INTEREST_COVERAGE_NOT_ESTABLISHED | EARLY_REVENUE_RECOVERY | RECOVERY_CORROBORATED | HISTORICAL_VALUATION_NORMAL | SIMPLIFIED_DCF_AVAILABLE | MOPS_SINGLE_ELIGIBLE_FILING,MOPS_EXACT,03997d3e0577811f46cd9328d2a61c82add9fc5db9a635b65f02f4a667930b15,True,統一,GENERAL,CONSUMER_STAPLES,,NORMAL,NORMAL,2022-08-11,FROZEN_STAGE_A_FIRST_TRADE_DATE,YAHOO_ADJUSTED_CLOSE_EXACT_COMMON_TWSE_DATES,CURRENT_CONSTITUENTS_ONLY,CORRECT,,2022-11-07,-0.0030302756340443437,-0.16243225640561954,0.1594019807715752,0.027272750579992122,-0.028787955865412385,-0.054572367867981475,2023-02-10,0.009090894370531233,0.030602303423488575,-0.021511409052957342,0.030303026214036466,-0.03333336931647901,-0.05899710652526624,2023-08-28,0.12372590990243126,0.08324508064242675,0.040480829260004514,0.1939393947571928,-0.03333336931647901,-0.07106602541687301,2024-09-09,0.37684014995796034,0.5292614182216848,-0.15242126826372449,0.3987305416079636,-0.03333336931647901,-0.10911097905570644
1216,2022-09-30,2022-11-09T17:41:25+08:00,2022-11-09,2022-11-10,WEAK,IMPROVING,TURNING_UP,NORMAL,OK,PROFITABILITY_DURABLE | GROWTH_DURABLE_NOT_ESTABLISHED | CASH_CONVERSION_SUPPORTED | BALANCE_SHEET_RESILIENT_NOT_ESTABLISHED | INTEREST_COVERAGE_NOT_ESTABLISHED | EARLY_REVENUE_RECOVERY | RECOVERY_CORROBORATED | HISTORICAL_VALUATION_NORMAL | SIMPLIFIED_DCF_AVAILABLE | MOPS_SINGLE_ELIGIBLE_FILING,MOPS_EXACT,7d2e5eb644089a99cc0a8f07781d2f35a4f88c53b92896b99640068bc72efe4d,True,統一,GENERAL,CONSUMER_STAPLES,,NORMAL,NORMAL,2022-11-10,FROZEN_STAGE_A_FIRST_TRADE_DATE,YAHOO_ADJUSTED_CLOSE_EXACT_COMMON_TWSE_DATES,CURRENT_CONSTITUENTS_ONLY,FALSE_RECOVERY,,2023-02-15,0.024653226733265976,0.1741584541483958,-0.14950522741512984,0.0477657725960523,-0.016949204873505375,-0.0347957867211669,2023-05-18,0.1602465226616625,0.20676029038549104,-0.046513767723828536,0.17411395412263353,-0.016949204873505375,-0.0347957867211669,2023-11-28,0.1540230090104615,0.3155988877110225,-0.161575878700561,0.21417563624699598,-0.016949204873505375,-0.10911097905570644,2024-12-12,0.40517697589491397,1.0119504369694994,-0.6067734610745854,0.5035227079756222,-0.016949204873505375,-0.10911097905570644
1216,2022-12-31,2023-03-10T13:16:24+08:00,2023-03-10,2023-03-13,WEAK,UNKNOWN,UNKNOWN,NORMAL,OK,PROFITABILITY_DURABLE | GROWTH_DURABLE_NOT_ESTABLISHED | CASH_CONVERSION_SUPPORTED | BALANCE_SHEET_RESILIENT_NOT_ESTABLISHED | INTEREST_COVERAGE_NOT_ESTABLISHED | MIXED_FUNDAMENTAL_DIRECTION | HISTORICAL_VALUATION_NORMAL | SIMPLIFIED_DCF_AVAILABLE | MOPS_CONSOLIDATED_PREFERRED_OVER_INDIVIDUAL,MOPS_EXACT,51ed5bdc777dafbb4f2145541ef9973a5406d27a14a4dfb1b9a8cb2b0f1dc0d0,True,統一,GENERAL,CONSUMER_STAPLES,,NORMAL,NORMAL,2023-03-13,FROZEN_STAGE_A_FIRST_TRADE_DATE,YAHOO_ADJUSTED_CLOSE_EXACT_COMMON_TWSE_DATES,CURRENT_CONSTITUENTS_ONLY,,,2023-06-09,0.10948903685998945,0.07575770691871808,0.03373132994127137,0.11240871850716982,0.0,-0.024934217246593504,2023-09-06,0.07053162726260043,0.07609531569911554,-0.005563688436515113,0.15036496995680482,0.0,-0.07106602541687301,2024-03-26,0.14971737970500776,0.3773600501302963,-0.22764267042528852,0.18778752175102364,0.0,-0.10911097905570644,2025-04-14,0.20814494580575782,0.4578567064350636,-0.24971176062930578,0.4245054859904165,0.0,-0.17405764410226965
1216,2023-03-31,2023-05-11T16:49:18+08:00,2023-05-11,2023-05-12,WEAK,UNKNOWN,UNKNOWN,NORMAL,OK,PROFITABILITY_DURABLE | GROWTH_DURABLE_NOT_ESTABLISHED | CASH_CONVERSION_SUPPORTED | BALANCE_SHEET_RESILIENT_NOT_ESTABLISHED | INTEREST_COVERAGE_NOT_ESTABLISHED | MIXED_FUNDAMENTAL_DIRECTION | HISTORICAL_VALUATION_NORMAL | SIMPLIFIED_DCF_AVAILABLE | MOPS_SINGLE_ELIGIBLE_FILING,MOPS_EXACT,4b69a96de566620183dec9c7c1c58e48df6cca7dd8fd7ee01ed9c2c4bd29bef7,True,統一,GENERAL,CONSUMER_STAPLES,,NORMAL,NORMAL,2023-05-12,FROZEN_STAGE_A_FIRST_TRADE_DATE,YAHOO_ADJUSTED_CLOSE_EXACT_COMMON_TWSE_DATES,CURRENT_CONSTITUENTS_ONLY,,,2023-08-09,-0.005818872752479498,0.10117445937413061,-0.10699333212661011,0.05630029786177149,-0.018766765953923792,-0.07106602541687301,2023-11-06,-0.01840348931804925,0.09554739733697115,-0.1139508866550204,0.05630029786177149,-0.058953661814760805,-0.10911097905570644,2024-05-24,0.10604412694912746,0.511329311496217,-0.4052851845470895,0.12981493007282907,-0.058953661814760805,-0.10911097905570644,2025-06-11,0.14270880333417035,0.702988