baseline,horizon,n,mean_return,median_return,hit_rate,mean_excess_return,mean_mfe,mean_mae,worst_max_drawdown,ci95_low,ci95_high
A_ALL_CURRENT_0050,20d,1434,0.03204042011080952,0.014801072012715188,0.5920502092050209,0.002692022074885727,0.07781604602824713,-0.046565341019023314,-0.5543478047877193,0.025585583536632622,0.03849525668498642
A_ALL_CURRENT_0050,60d,1434,0.10847344422709536,0.04704869078348084,0.6785216178521618,0.025512983719940478,0.1951168772399647,-0.07632697488069513,-0.6048913223761091,0.09424818619071124,0.12269870226347948
A_ALL_CURRENT_0050,120d,1338,0.1997841381362252,0.08788457442946551,0.7062780269058296,0.04061636305677795,0.31936378511297026,-0.10293332197377426,-0.626796743728274,0.1770704710736764,0.222497805198774
A_ALL_CURRENT_0050,252d,1242,0.44177260338648167,0.17761077041691198,0.7697262479871175,0.13356700404973393,0.6413457589877951,-0.1456875868546169,-0.6733178461317022,0.3881957260823042,0.49534948069065915
A_ALL_CURRENT_0050,756d,858,1.5033267284976617,0.6964557019432744,0.9265734265734266,0.6690003692690187,2.088405960052537,-0.16398868305288514,-0.7053665958357114,1.3454096775676496,1.6612437794276738
B_LOW_PE,20d,290,0.020270954743799474,0.0019474888066273177,0.503448275862069,0.01258449680429552,0.07870009043559426,-0.051195319364937306,-0.34767832212881444,0.004855651306123853,0.0356862581814751
B_LOW_PE,60d,290,0.10268359283142955,0.052095098652867766,0.6586206896551724,0.04544576142906469,0.19746482264998158,-0.08540561237852318,-0.4352677830810593,0.06700146728735984,0.13836571837549927
B_LOW_PE,120d,285,0.21854056204174183,0.0885528719583295,0.6736842105263158,0.09585941202069159,0.3551112862487347,-0.11290034910117,-0.59405055695039,0.15841405409486298,0.2786670699886207
B_LOW_PE,252d,274,0.4924966136834945,0.20690419872823318,0.7518248175182481,0.23850379356766746,0.7212106685253306,-0.15249120586153309,-0.6590603868258134,0.3605716282832149,0.6244215990837741
B_LOW_PE,756d,240,1.9732278431363686,0.9513821359408104,0.9416666666666667,1.072394328203822,2.6145636584088634,-0.17278923216348416,-0.7053665958357114,1.6532720484695735,2.2931836378031636
C_LOW_PB,20d,265,0.02845614839024601,0.01860472214732689,0.6377358490566037,-0.002575500099362003,0.06950763744977502,-0.03837835365241635,-0.2712550841059552,0.016715405012523894,0.040196891767968125
C_LOW_PB,60d,265,0.09758154364393277,0.05139401660764853,0.7094339622641509,0.005567872251682739,0.1692723282505508,-0.06256172429567314,-0.3652751161340031,0.07073512464189388,0.12442796264597167
C_LOW_PB,120d,257,0.20381783593004724,0.08094165374082096,0.7120622568093385,0.026754924757980764,0.3176875911207723,-0.08808357628081996,-0.5180265679451996,0.1513841848034227,0.2562514870566718
C_LOW_PB,252d,246,0.5750288806440493,0.18415061421123802,0.7967479674796748,0.1974940781086416,0.781666948719598,-0.12414148130430137,-0.5686251288643605,0.4075156819753897,0.742542079312709
C_LOW_PB,756d,187,1.1859843587682706,0.5207596232427911,0.8609625668449198,0.3130057856731989,1.7893116272276626,-0.15721005488164824,-0.7053665958357114,0.8589719723044393,1.5129967452321018
D_HIGH_ROE,20d,381,0.03839923790369386,0.023668659837077,0.6089238845144357,0.009612761056600012,0.09535331048514742,-0.062171171304002806,-0.5543478047877193,0.02348465073192345,0.05331382507546427
D_HIGH_ROE,60d,381,0.13314264875665416,0.06886330423840037,0.7007874015748031,0.05067291025047773,0.23495936782876645,-0.09864643902206585,-0.6048913223761091,0.10369970186940676,0.16258559564390157
D_HIGH_ROE,120d,355,0.242544686001498,0.1279555287983798,0.7070422535211267,0.08496205951128391,0.3823074585397637,-0.12697769797119027,-0.626796743728274,0.200566967999106,0.28452240400389
D_HIGH_ROE,252d,331,0.5154235538773677,0.24579191110380472,0.7764350453172205,0.20833125284452803,0.7352920151911577,-0.16926122872448726,-0.626796743728274,0.4166546048262538,0.6141925029284816
D_HIGH_ROE,756d,229,1.8792568843552313,0.9290139200435727,0.9213973799126638,1.0391474906302123,2.5004395698926003,-0.20112474556158186,-0.7053665958357114,1.5427944777562643,2.2157192909541985
E_HIGH_REVENUE_GROWTH,20d,385,0.035079651327482954,0.020361989980176576,0.5974025974025974,0.0061070859749518935,0.09208195663232806,-0.05999337701588357,-0.5543478047877193,0.020285857684925947,0.04987344497003996
E_HIGH_REVENUE_GROWTH,60d,385,0.11615247216420206,0.06084661651656109,0.6597402597402597,0.033205574940928226,0.2169141006078956,-0.09547164882398437,-0.6048913223761091,0.09058816061255733,0.14171678371584678
E_HIGH_REVENUE_GROWTH,120d,359,0.21037972390275506,0.1073738883646691,0.7186629526462396,0.05134906494658622,0.3422509007446032,-0.12419327121355558,-0.626796743728274,0.17209927898190225,0.24866016882360786
E_HIGH_REVENUE_GROWTH,252d,333,0.4483099289234236,0.21378619716524083,0.7417417417417418,0.14182009876532767,0.6621970799837715,-0.17010987992879747,-0.626796743728274,0.35539924505242226,0.5412206127944249
E_HIGH_REVENUE_GROWTH,756d,229,1.8642692622753116,0.9776449683055135,0.8733624454148472,1.0251804042198822,2.7290350785378004,-0.23577736976407634,-0.7053665958357114,1.5681102135092568,2.1604283110413665
F_QUALITY_ONLY,20d,352,0.028310761688202502,0.01249723708562045,0.5738636363636364,-0.006452644763997851,0.08220585633211677,-0.05813806080444106,-0.5543478047877193,0.015785191526473362,0.04083633184993164
F_QUALITY_ONLY,60d,352,0.12956547296660695,0.07128395807139876,0.6903409090909091,0.025156430387548168,0.21995880320714106,-0.09096492770861825,-0.6048913223761091,0.10337174130873328,0.15575920462448062
F_QUALITY_ONLY,120d,317,0.2490886903254142,0.12550601113562165,0.7318611987381703,0.057976792751402335,0.3734919826587002,-0.11690372517914563,-0.626796743728274,0.20504097102269198,0.2931364096281364
F_QUALITY_ONLY,252d,281,0.5735905685844638,0.27135999359651786,0.7935943060498221,0.2215381457732195,0.7815794506269006,-0.15768239909280746,-0.6733178461317022,0.4606290325511458,0.6865521046177818
F_QUALITY_ONLY,756d,139,2.650183594896877,1.1677554483875117,0.9640287769784173,1.6470873037966545,3.3279742978509836,-0.1730892336935152,-0.6813048840719906,2.0832576081481755,3.217109581645578
G_VALUATION_ONLY,20d,216,0.019412428407183175,0.014801072012715188,0.5833333333333334,0.006454005602311192,0.07240023969212019,-0.044790172874791936,-0.277108464293071,0.005065834684092212,0.03375902213027414
G_VALUATION_ONLY,60d,216,0.09204663899481655,0.05983412684852152,0.6944444444444444,0.02391001962413693,0.17079935459357692,-0.07437817127442715,-0.3225057784709897,0.06616845600894924,0.11792482198068385
G_VALUATION_ONLY,120d,212,0.17607207815939502,0.093111432082015,0.7264150943396226,0.04257347386451894,0.2772502869377514,-0.09878739784063305,-0.489949749531044,0.1373071842900257,0.21483697202876434
G_VALUATION_ONLY,252d,209,0.4270535390232079,0.2677932016129445,0.8229665071770335,0.14115836831933576,0.6245321309446062,-0.13208305984667235,-0.5268041167029319,0.35125705504842286,0.502850022997993
G_VALUATION_ONLY,756d,198,1.9363185668366394,0.9153383214021059,0.9191919191919192,1.0348051219912937,2.544284528454523,-0.1597907271213532,-0.6733178461317022,1.5625963000929035,2.3100408335803753
H_FULL_MODEL,20d,50,0.024264979407674473,0.006746370618052389,0.58,0.02013571575020985,0.0835054028812602,-0.08092264709215115,-0.28476192947945167,-0.00575288684632266,0.0542828456616716
H_FULL_MODEL,60d,50,0.2070490073016412,0.147935086276911,0.8,0.13555588786077838,0.28009343293814287,-0.11410164412517007,-0.35308446788515835,0.13042134714037484,0.28367666746290754
H_FULL_MODEL,120d,49,0.4335267158604115,0.282727045179592,0.7755102040816326,0.27432090591582386,0.5764703939164073,-0.13003940650989523,-0.42911872022304254,0.2976290756835289,0.5694243560372941
H_FULL_MODEL,252d,48,1.1726999304699568,0.45819853112144715,0.8958333333333334,0.6490275785394999,1.3894326144509657,-0.1430164014756705,-0.4713583628136445,0.7200207456767707,1.625379115263143
H_FULL_MODEL,756d,25,3.045887364429922,2.056755652830145,0.96,1.7149761157181513,3.676583246673571,-0.1770019627603698,-0.5751974001876238,1.6802438104871038,4.41153091837274
