regime,dimension,bucket,horizon,observations,unique_issuers,support_status,support_min_observations,support_min_issuers,uncertainty_contract,mean_return,median_return,positive_return_rate,mean_excess_return,median_excess_return,outperform_0050_rate,standard_deviation,p25_return,p75_return,issuer_cluster_mean_return_se,issuer_cluster_mean_return_ci95_low,issuer_cluster_mean_return_ci95_high,time_cluster_mean_return_se,time_cluster_mean_return_ci95_low,time_cluster_mean_return_ci95_high,issuer_cluster_mean_excess_se,issuer_cluster_mean_excess_ci95_low,issuer_cluster_mean_excess_ci95_high,time_cluster_mean_excess_se,time_cluster_mean_excess_ci95_low,time_cluster_mean_excess_ci95_high,issuer_cluster_median_return_ci95_low,issuer_cluster_median_return_ci95_high,time_cluster_median_return_ci95_low,time_cluster_median_return_ci95_high,issuer_cluster_median_excess_ci95_low,issuer_cluster_median_excess_ci95_high,time_cluster_median_excess_ci95_low,time_cluster_median_excess_ci95_high,median_return_lift_vs_all,median_excess_return_lift_vs_all,outperform_rate_lift_vs_all
PRE_2023,ALL,ALL,60d,988,37,SUPPORTED,30,5,ISSUER_AND_ENTRY_QUARTER_CLUSTERED,0.07092824421076013,0.03868294120071292,0.6234817813765182,0.023946254547485443,0.006773083775613475,0.5172064777327935,0.21070022784374765,-0.03821769555333748,0.14031894711391524,0.008313827982699865,0.054633141364668396,0.08722334705685186,0.018837583557671057,0.034006580437724865,0.1078499079837954,0.007949678287548586,0.008364885103890215,0.039527623991080674,0.009850643071487813,0.004638994127369331,0.043253514967601554,0.02749747001052947,0.049004599072802524,0.014175053535364563,0.061516400757976646,-0.004043909705686296,0.017090977416007493,-0.013508177786541259,0.024458455867692495,0.0,0.0,0.0
PRE_2023,ALL,ALL,120d,988,37,SUPPORTED,30,5,ISSUER_AND_ENTRY_QUARTER_CLUSTERED,0.13003091474108813,0.05918548224500075,0.6508097165991903,0.054806578624625506,0.0030143287959016885,0.5060728744939271,0.33187994779235874,-0.04860459133496545,0.220623909894674,0.01738264381288442,0.09596093286783466,0.1641008966143416,0.025279950823228422,0.08048221112756043,0.17957961835461583,0.01709949659747746,0.021291565293569688,0.08832159195568132,0.011573726837369305,0.03212207402338167,0.07749108322586934,0.04320916581180287,0.0767130244115614,0.03629898698003292,0.09741450881849001,-0.00921044518048364,0.022786358642395144,-0.012100975146243089,0.021923439987155513,0.0,0.0,0.0
PRE_2023,ALL,ALL,252d,988,37,SUPPORTED,30,5,ISSUER_AND_ENTRY_QUARTER_CLUSTERED,0.35220774522610804,0.14625267631170014,0.6993927125506073,0.19879832753305043,0.025845206368970364,0.5364372469635628,0.8004130009752817,-0.03069769300612432,0.43432924537728124,0.05094691728662039,0.25235178734433206,0.452063703107884,0.05440795680748946,0.2455681498834287,0.4588473405687874,0.050307079010581485,0.10019645267231073,0.29740020239379017,0.023832899013332992,0.15208584546691778,0.2455108095991831,0.10266511093777585,0.2046437550743285,0.09742903131817027,0.21168864368900162,-0.010225580705724662,0.06871726960281602,-0.008327272157703014,0.05761513791556783,0.0,0.0,0.0
PRE_2023,ALL,ALL,504d,988,37,SUPPORTED,30,5,ISSUER_AND_ENTRY_QUARTER_CLUSTERED,0.8238016908143699,0.3839397174200717,0.8147773279352226,0.4566559542457616,0.09057503732225819,0.5708502024291497,1.469088335585634,0.07414308870092584,0.9925523626627059,0.12283465892481052,0.5830457593217413,1.0645576223069986,0.08525733768763336,0.6566973089466086,0.9909060726821313,0.12202039489397255,0.21749598025357542,0.6958159282379478,0.0401240632763465,0.3780127902241225,0.5352991182674007,0.24932822243014036,0.5070701606591729,0.28458762121256803,0.4621333686968226,0.0005479442346559625,0.2070516522536463,0.038350201039115794,0.13224285872062796,0.0,0.0,0.0
PRE_2023,FUNDAMENTAL_STATE,IMPROVING,60d,199,37,SUPPORTED,30,5,ISSUER_AND_ENTRY_QUARTER_CLUSTERED,0.10840750730805045,0.046403618538621405,0.6231155778894473,0.05272725479184014,0.01694021141693658,0.5527638190954773,0.28248904017460763,-0.028213843553649087,0.1714285883684583,0.021813661754253994,0.06565273026971262,0.1511622843463883,0.03799984717535876,0.03392780684434728,0.1828872077717536,0.01905631146751431,0.015376884315512096,0.09007762526816819,0.018163470283149435,0.01712685303686725,0.08832765654681304,0.026962172443574125,0.06896557178949214,-5.9715818861390384e-05,0.09206345083360534,-0.005567723095246703,0.03572868644618737,-0.00888307240123387,0.054332017572537694,0.007720677337908488,0.010167127641323104,0.03555734136268385
PRE_2023,FUNDAMENTAL_STATE,IMPROVING,120d,199,37,SUPPORTED,30,5,ISSUER_AND_ENTRY_QUARTER_CLUSTERED,0.16965680745665265,0.07428703962663064,0.6582914572864321,0.07520074564030677,0.026214236655780265,0.5527638190954773,0.3523581244488766,-0.040437167548662056,0.2640058119311818,0.030053796840935933,0.11075136564841823,0.22856224926488708,0.043712795497958985,0.08397972828065305,0.2553338866326523,0.02520257211315885,0.025803704298515417,0.12459778698209811,0.01612728755265224,0.04359126203710838,0.10681022924350515,0.04535145705429633,0.15149751176772314,0.025920817905322524,0.17756894206833806,-0.018800304569575432,0.04457648715931622,-0.012015291074847001,0.04638276777149024,0.015101557381629882,0.023199907859878577,0.04669094460155021
PRE_2023,FUNDAMENTAL_STATE,IMPROVING,252d,199,37,SUPPORTED,30,5,ISSUER_AND_ENTRY_QUARTER_CLUSTERED,0.40506792065295766,0.22252805664661413,0.7135678391959799,0.2268771399732561,0.07060965379778072,0.6231155778894473,0.6212037811883299,-0.02368589184608899,0.6413513509837444,0.06315379754768675,0.28128647745949165,0.5288493638464237,0.07979571675346107,0.24866831581617396,0.5614675254897413,0.05872954220768719,0.1117672372461892,0.341987042700323,0.04291711097339356,0.1427596024654047,0.3109946774811075,0.14139373542393163,0.3080169547158276,0.07115173821749221,0.34398631409381797,0.0326905294618276,0.1466040870310755,0.05370828046454079,0.10630717957922453,0.07627538033491399,0.04476444742881036,0.0866783309258845
PRE_2023,FUNDAMENTAL_STATE,IMPROVING,504d,199,37,SUPPORTED,30,5,ISSUER_AND_ENTRY_QUARTER_CLUSTERED,0.9603814099259855,0.5313610241319904,0.8542713567839196,0.5320865851722877,0.1763196261284078,0.6381909547738693,1.4781377283068453,0.11152473450802014,1.3275645773131992,0.15119820957659053,0.664032919155868,1.256729900696103,0.16133599520349634,0.6441628593271327,1.2765999605248384,0.14587953209678856,0.24616270226258213,0.8180104680819933,0.09577407333571392,0.3443694014342884,0.719803768910287,0.2996185464990725,0.8768053878567597,0.2977279837992215,0.813623879607695,0.05925142400166794,0.2935822052592247,0.12476091623886365,0.2330830017881314,0.14742130671191866,0.0857445888061496,0.06734075234471959
PRE_2023,FUNDAMENTAL_STATE,STABLE,60d,180,35,SUPPORTED,30,5,ISSUER_AND_ENTRY_QUARTER_CLUSTERED,0.05053398054860975,0.04422714263996952,0.5888888888888889,0.0274778766584944,0.024872653765661834,0.5888888888888889,0.1826043002357948,-0.07100939484114441,0.12870286044788992,0.019629420392457613,0.012060316579392827,0.08900764451782667,0.031387194029301436,-0.01098491974882107,0.11205288084604056,0.014126990913434436,-0.0002110255318370953,0.0551667788488259,0.018593217452126356,-0.008964829547673258,0.06392058286466205,0.012396677312578912,0.0702902530137951,-0.019484868650073414,0.08372095242350963,-0.0011628114102899545,0.04731963864489088,-0.005787734278860368,0.057944464813150194,0.005544201439256602,0.01809956999004836,0.07168241115609542
PRE_2023,FUNDAMENTAL_STATE,STABLE,120d,180,35,SUPPORTED,30,5,ISSUER_AND_ENTRY_QUARTER_CLUSTERED,0.10798717472143295,0.06672589726915712,0.6444444444444445,0.07094275998606496,0.04837629910614394,0.6,0.3033051853972948,-0.07777336240223254,0.23491912246780572,0.03172820100755183,0.04579990074663136,0.17017444869623455,0.051907306282924566,0.006248854406900803,0.2097254950359651,0.02497944303400147,0.02198305163942208,0.11990246833270785,0.023146073288587865,0.025576456340432742,0.11630906363169718,0.032517998918786484,0.11120516109258816,0.006519339535381308,0.16516794554290437,0.0069124761897116915,0.08907348398602777,0.0069124761897116915,0.08655569091341775,0.007540415024156366,0.04536197031024225,0.09392712550607285
PRE_2023,FUNDAMENTAL_STATE,STABLE,252d,180,35,SUPPORTED,30,5,ISSUER_AND_ENTRY_QUARTER_CLUSTERED,0.33684660833603786,0.16257251139141737,0.7166666666666667,0.2185332739745087,0.05450951234087298,0.6,0.6026041134946484,-0.018110505602985133,0.4670212755762983,0.0744840202037928,0.19085792873660398,0.4828352879354717,0.08206946151914452,0.1759904637585146,0.49770275291356114,0.07047410368546304,0.08040403075100114,0.3566625171980162,0.048536062391237166,0.12340259168768386,0.31366395626133353,0.04310436761549774,0.27265493855054607,0.042380215834848745,0.28684704078786016,-0.0182514450536968,0.1370004253534418,0.019271786067318164,0.10551269513252015,0.016319835079717238,0.028664305971902615,0.06356275303643721
PRE_2023,FUNDAMENTAL_STATE,STABLE,504d,180,35,SUPPORTED,30,5,ISSUER_AND_ENTRY_QUARTER_CLUSTERED,0.9220388771968128,0.5470769323891035,0.8666666666666667,0.49743991342448757,0.16530662309006044,0.6111111111111112,1.1667420967028925,0.16622596638573195,1.2983693654775377,0.18572325497577064,0.5580212974443024,1.2860564569493231,0.07630975025257897,0.772471766701758,1.0716059876918675,0.19819187570477975,0.10898383704311926,0.8858959898058558,0.08260117022682027,0.3355416197799198,0.6593382070690553,0.30410607186244437,0.7667509768565075,0.4133345033050967,0.6380687041250839,-0.014544380907761667,0.38506785954199774,0.1005069766667161,0.28022792242820843,0.16313721496903177,0.07473158576780226,0.040260908681961416
PRE_2023,FUNDAMENTAL_STATE,DETERIORATING,60d,75,31,SUPPORTED,30,5,ISSUER_AND_ENTRY_QUARTER_CLUSTERED,0.06596989253111857,0.04285715896196973,0.6666666666666666,-0.02155485816572729,-0.02384895570403478,0.4266666666666667,0.1595531731653404,-0.02683065362716952,0.11910065693192251,0.02170178119865704,0.02343440138175077,0.10850538368048637,0.015685269762705376,0.03522676379621603,0.0967130212660211,0.02530661746714732,-0.07115582840133604,0.02804611206988146,0.026818732770632403,-0.0741195743961668,0.031009858064712223,0.01492519593942343,0.06349204928916863,0.018771724489136443,0.05807352746530925,-0.09435563312231053,0.01718007552641576,-0.09428541554751924,0.012412869443607434,0.004174217761256815,-0.030622039479648255,-0.0905398110661268
PRE_2023,FUNDAMENTAL_STATE,DETERIORATING,120d,75,31,SUPPORTED,30,5,ISSUER_AND_ENTRY_QUARTER_CLUSTERED,0.13145771631372286,0.062499842704060615,0.68,0.0017882830496209195,-0.06601149899151793,0.36,0.33574477983473583,-0.02848331547753641,0.2037412812646069,0.04595742388840702,0.041381165492445096,0.22153426713500063,0.03006774654310702,0.07252493308923309,0.19039049953821263,0.04545741139225832,-0.08730824327920539,0.09088480937844723,0.03561504315607616,-0.06801720153628835,0.07159376763553019,0.03271027177959107,0.13035710964093727,0.03821650874536919,0.13632440777639018,-0.09622968776950902,0.0178173019913324,-0.10482816027052944,-0.0015912299908064393,0.003314360459059862,-0.06902582778741961,-0.14607287449392714
PRE_2023,FUNDAMENTAL_STATE,DETERIORATING,252d,75,31,SUPPORTED,30,5,ISSUER_AND_ENTRY_QUARTER_CLUSTERED,0.4182245549793471,0.11505789951278267,0.6933333333333334,0.1509534639402773,-0.12110698391746677,0.32,1.3105239852470745,-0.04887907812766307,0.39919316824203377,0.16493365660823212,0.09495458802721213,0.741494521931482,0.16059536491249438,0.10345763975085809,0.7329914702078361,0.15646408763594344,-0.15571614782617182,0.45762307570672645,0.12627942556262067,-0.09655421016245921,0.39846113804301386,0.01667174794598636,0.2992210314685537,0.020866815521503712,0.27836772190164527,-0.21229895880153038,-0.008858770605931876,-0.21920238489529154,-0.06403878150113562,-0.031194776798917467,-0.14695219028643713,-0.21643724696356276
PRE_2023,FUNDAMENTAL_STATE,DETERIORATING,504d,75,31,SUPPORTED,30,5,ISSUER_AND_ENTRY_QUARTER_CLUSTERED,0.9421934617087959,0.3747230548121041,0.7866666666666666,0.3526593738486654,-0.1243639869799279,0.41333333333333333,2.084761943261718,0.047555467665767015,0.8917664200587926,0.2892372378515561,0.375288475519746,1.5090984478978458,0.22081211757626473,0.509401711259317,1.3749852121582748,0.2901638265751182,-0.21606172623856623,0.9213804739358971,0.23483652721981763,-0.10762021950217715,0.812938967199508,0.11830453007163588,0.6044521615498404,0.1479904249680165,0.46289370017892395,-0.4051878756567928,0.08533954440115292,-0.42372948867070176,0.045217174348548994,-0.009216662607967607,-0.2149390243021861,-0.15751686909581641
2023_ONWARD,ALL,ALL,60d,519,38,SUPPORTED,30,5,ISSUER_AND_ENTRY_QUARTER_CLUSTERED,0.17219487838866768,0.08779444396398017,0.697495183044316,0.06018535788217497,0.00018169946318025154,0.5009633911368016,0.3544794141535337,-0.023275664600691415,0.26357064085611737,0.01581572186945276,0.14119606352454026,0.2031936932527951,0.040057197566792636,0.09368277115775411,0.25070698561958127,0.015441268855102669,0.029920470926173736,0.0904502448381762,0.02709720612536993,0.007074833876449908,0.11329588188790002,0.06568373982718745,0.11140827533839573,0.05938928051050448,0.1369427669461254,-0.028025653200670114,0.024050581163365337,-0.03403991885411232,0.024405461597949027,0.0,0.0,0.0
2023_ONWARD,ALL,ALL,120d,474,38,SUPPORTED,30,5,ISSUER_AND_ENTRY_QUARTER_CLUSTERED,0.3576145998251351,0.1414687186319653,0.7278481012658228,0.13846995818895128,-0.013850458226193907,0.4810126582278481,0.6818950985013769,-0.009057831028072894,0.5491715154244624,0.03602119243133731,0.287013062659714,0.4282161369905562,0.0892633749840684,0.18265838485636104,0.5325708147939092,0.03567747827141827,0.06854210077697147,0.20839781560093107,0.060423798592078755,0.02003931294847691,0.25690060342942567,0.09230233436882074,0.19882831712827223,0.0820049691143883,0.22666058443798986,-0.06368700008212902,0.04082753748871074,-0.07937200352242937,0.05496535215845153,0.0,0.0,0.0
2023_ONWARD,ALL,ALL,252d,407,38,SUPPORTED,30,5,ISSUER_AND_ENTRY_QUARTER_CLUSTERED,0.8727829306261019,0.30438236501006233,0.7985257985257985,0.35431329213470203,-0.051362509698128944,0.4643734643734644,1.5267164338288541,0.05200993379208674,1.063982128237965,0.10443887297308764,0.6680827395988501,1.0774831216533536,0.26961457512530496,0.34433836338050416,1.4012274978716996,0.1032146179990364,0.1520126408565907,0.5566139434128133,0.17270486611972272,0.01581175454004552,0.6928148297293586,0.19386261767219032,0.4777691282332488,0.15893638424208448,0.6275868549151882,-0.16228070331162914,0.07431727530019969,-0.14301659137446365,0.060748106100219634,0.0,0.0,0.0
2023_ONWARD,ALL,ALL,504d,236,37,SUPPORTED,30,5,ISSUER_AND_ENTRY_QUARTER_CLUSTERED,1.5972609762971404,0.8605126936495816,0.8686440677966102,0.590730308577453,-0.014230375565314146,0.4957627118644068,2.214680319528174,0.2081708859965497,2.0552862331116186,0.23573489604573458,1.1352205800475006,2.05930137254678,0.39974766000376655,0.8137555626897579,2.380766389904523,0.2345647833194264,0.1309833332713773,1.0504772838835288,0.2687701729027896,0.06394076968798545,1.1175198474669206,0.5285138393668798,1.3102511228357976,0.5963869976381767,1.473385942795396,-0.4188150082447873,0.49521931655634965,-0.250832654914638,0.3170540634815879,0.0,0.0,0.0
2023_ONWARD,FUNDAMENTAL_STATE,IMPROVING,60d,145,36,SUPPORTED,30,5,ISSUER_AND_ENTRY_QUARTER_CLUSTERED,0.14320650965679108,0.0954405022287712,0.6896551724137931,0.03889922838827797,0.028155160695995773,0.5793103448275863,0.2629948640042215,-0.03539827692634445,0.28346456321253943,0.027342123454656222,0.08961594768566489,0.19679707162791726,0.048812703032384996,0.04753361171331648,0.23887940760026566,0.02408371533712104,-0.008304853672479268,0.08610331044903521,0.031172578623924325,-0.022199025714613706,0.09999748249116966,0.05808195331465292,0.18737494699361207,0.05718639157502903,0.23204228897287502,-0.005459411949090302,0.06859411800701765,-0.007318248025430574,0.08995075010385517,0.0076460582647910336,0.027973461232815522,0.0783469536907847
2023_ONWARD,FUNDAMENTAL_STATE,IMPROVING,120d,134,36,SUPPORTED,30,5,ISSUER_AND_ENTRY_QUARTER_CLUSTERED,0.3620720688416656,0.17530600466340873,0.7313432835820896,0.15101932285749484,0.04217765877548307,0.5671641791044776,0.5409106197108138,-0.007353865432848161,0.6025107361027078,0.06361257462067858,0.23739142258513557,0.4867527150981956,0.11826221543246768,0.13027812659402896,0.5938660110893023,0.0557033566702752,0.04184074378375545,0.2601979019312342,0.06715707484574285,0.019391456159838866,0.2826471895551508,0.09922927271263382,0.3214164302254221,0.08283519459658284,0.5825563511412163,-0.02736150854092534,0.13831497619013672,-0.026411433396474636,0.19446871556225998,0.033837286031443425,0.05602811700167698,0.08615152087662947
2023_ONWARD,FUNDAMENTAL_STATE,IMPROVING,252d,113,36,SUPPORTED,30,5,ISSUER_AND_ENTRY_QUARTER_CLUSTERED,1.0053778772635018,0.5476337968874618,0.831858407079646,0.45259309817025956,0.06552076819868491,0.5575221238938053,1.422893048855743,0.09581126066104262,1.4455206456639575,0.16226940830938094,0.6873298369771152,1.3234259175498884,0.3136836285436413,0.39055796531796494,1.6201977892090387,0.14933041967167837,0.15990547561376994,0.7452807207267491,0.1722565634324694,0.11497023384261956,0.7902159624978995,0.19790816916130563,0.909710068063717,0.20855398628510663,1.1027640846422493,-0.07178046101271002,0.335625916874578,-0.01352967093140367,0.17334019213441254,0.2432514318773995,0.11688327789681385,0.0931486595203409
2023_ONWARD,FUNDAMENTAL_STATE,IMPROVING,504d,35,23,SUPPORTED,30,5,ISSUER_AND_ENTRY_QUARTER_CLUSTERED,2.8527905224364183,0.9429487391666529,1.0,1.731789241454363,0.28723929882303123,0.6,3.616486302549765,0.6354124276557626,3.2663751846793874,0.8328238111346895,1.220455852612427,4.485125192260409,1.1201094090344228,0.6573760807289495,5.048204964143887,0.7793583527108265,0.20424687014114307,3.259331612767583,0.9133276710467833,-0.058332993797332255,3.521911476706058,0.6672659019432179,3.0817284110669316,0.6411861231119826,2.8454575003461375,-0.10088232511703521,1.387698530269765,-0.34076378850883104,1.3920898482777992,0.08243604551707129,0.3014696743883454,0.10423728813559319
2023_ONWARD,FUNDAMENTAL_STATE,STABLE,60d,150,32,SUPPORTED,30,5,ISSUER_AND_ENTRY_QUARTER_CLUSTERED,0.16969603378335396,0.08270656909352336,0.7533333333333333,0.04825913710992006,-0.02644828925512871,0.4666666666666667,0.28244675914336576,0.001900809972031181,0.2680606929325262,0.031926442794674714,0.10712020590579152,0.2322718616609164,0.03719557145245906,0.09679271373653421,0.24259935383017373,0.031210565702687817,-0.012913571667348057,0.10943184588718818,0.03709355229508071,-0.024444225388438136,0.12096249960827826,0.05034465674236621,0.1387813668505991,0.06060601314968661,0.12962969255582846,-0.060901495604603006,0.054450300106668556,-0.07433355709692413,0.022685215033508843,-0.00508787487045681,-0.02662998871830896,-0.034296724470134876
2023_ONWARD,FUNDAMENTAL_STATE,STABLE,120d,132,31,SUPPORTED,30,5,ISSUER_AND_ENTRY_QUARTER_CLUSTERED,0.3244761226164127,0.13202784385130306,0.7575757575757576,0.08659421983656122,-0.06269929631048626,0.4166666666666667,0.544678416855008,0.007340403859620426,0.46780900827330146,0.07297749970144095,0.18144022320158842,0.46751202203123693,0.05881067620290648,0.20920719725871598,0.4397450479741094,0.07190278970937926,-0.054335247993822125,0.22752368766694459,0.06372445653168794,-0.03830571496554715,0.2114941546386696,0.06016466503426754,0.25096350636449927,0.09098890991732844,0.175723076243407,-0.12113456771772575,0.04981113899031775,-0.1360101261167757,-0.0041772592429962065,-0.009440874780662245,-0.048848838084292356,-0.06434599156118143
2023_ONWARD,FUNDAMENTAL_STATE,STABLE,252d,110,31,SUPPORTED,30,5,ISSUER_AND_ENTRY_QUARTER_CLUSTERED,0.8309205844053514,0.2683575901381883,0.9,0.23247628038018311,-0.12105205600379076,0.43636363636363634,1.2263524167909228,0.10208905118504286,1.0721489832772466,0.18585624226095984,0.46664234957387013,1.1951988192368328,0.1745911441823955,0.4887219418078563,1.1731192270028465,0.17143575416794493,-0.10353779778898894,0.5684903585493551,0.08689611952344248,0.06215988611423587,0.40279267464613033,0.17793354039924814,0.7457337321880642,0.20684237367608638,0.4541652329741013,-0.25752702196617316,0.2518810619933842,-0.25057956878776994,0.025003095293436806,-0.036024774871874055,-0.06968954630566182,-0.02800982800982804
2023_ONWARD,FUNDAMENTAL_STATE,STABLE,504d,69,25,SUPPORTED,30,5,ISSUER_AND_ENTRY_QUARTER_CLUSTERED,1.1698631081333883,0.8524136204762038,0.8695652173913043,0.3379337883668544,0.0006122172802973669,0.5072463768115942,1.3178973776788832,0.19014632412056698,1.891494120164809,0.26314118324096236,0.6541063889811021,1.6856198272856746,0.10352086236859387,0.9669622178909444,1.3727639983758324,0.25897826284266584,-0.16966360680477066,0.8455311835384794,0.052268239590848815,0.2354880387687907,0.4403795379649181,0.2180138058301644,1.44838338326106,0.2874095838067243,1.0035892227905925,-0.5458090280228597,0.8075324463511333,-0.524675471483416,0.3003144656349579,-0.008099073173377769,0.014842592845611513,0.011483664947187444
2023_ONWARD,FUNDAMENTAL_STATE,DETERIORATING,60d,102,35,SUPPORTED,30,5,ISSUER_AND_ENTRY_QUARTER_CLUSTERED,0.17106563101210417,0.0871589271708606,0.6568627450980392,0.05515881788238934,-0.009535655980817959,0.46078431372549017,0.3688634261357705,-0.03278974073936619,0.24796413856396388,0.0409712225813918,0.09076203475257626,0.2513692272716321,0.050370777330766406,0.07233890744380202,0.26979235458040635,0.04180615673753636,-0.026781249323181933,0.13709888508796061,0.04151407018992424,-0.02620875968986218,0.13652639545464085,0.023474192471542032,0.1431925014369262,0.03045675134759085,0.14406787347209704,-0.08134169817918296,0.051466982771421026,-0.054098210526926094,0.0431871995919346,-0.0006355167931195727,-0.00971735544399821,-0.04017907741131138
2023_ONWARD,FUNDAMENTAL_STATE,DETERIORATING,120d,97,35,SUPPORTED,30,5,ISSUER_AND_ENTRY_QUARTER_CLUSTERED,0.32538258460529945,0.11879038038829282,0.7319587628865979,0.10707672482740442,-0.06765754148143155,0.422680412371134,0.7924779966143336,-0.007490645432311482,0.349758548476246,0.08936620807734848,0.15022481677369645,0.5005403524369024,0.1114566534534352,0.10692754383656647,0.5438376253740325,0.08727246102499871,-0.06397729878159304,0.2781307484364019,0.10375470648085697,-0.09628249987507524,0.31043594952988407,0.0155522745594908,0.2234712260471945,0.03292181488125556,0.22137799504271896,-0.12728806305772178,0.02482733702246054,-0.11375766547636619,0.06232732662280874,-0.02267833824367249,-0.05380708325523764,-0.05833224585671409
2023_ONWARD,FUNDAMENTAL_STATE,DETERIORATING,252d,86,33,SUPPORTED,30,5,ISSUER_AND_ENTRY_QUARTER_CLUSTERED,0.43863017010875943,0.1586279591429095,0.6744186046511628,0.004828704219445079,-0.19584668795421256,0.36046511627906974,1.1154628931581394,-0.07870416407006353,0.6010229246652867,0.12937967497695824,0.18504600715392128,0.6922143330635976,0.16571486891166062,0.11382902704190462,0.7634313131756143,0.12583359218333906,-0.24180513645989946,0.2514625448987896,0.15150765877831288,-0.29212630698604813,0.3017837154249383,0.014893304489369211,0.4185378277468341,0.11413909429486391,0.274823751807878,-0.35563845167247277,-0.0003147490635782013,-0.32443491582683404,-0.07244667106769015,-0.14575440586715283,-0.14448417825608362,-0.10390834809439464
2023_ONWARD,FUNDAMENTAL_STATE,DETERIORATING,504d,81,32,SUPPORTED,30,5,ISSUER_AND_ENTRY_QUARTER_CLUSTERED,1.3887464547992832,0.8929735287969209,0.7901234567901234,0.4152842654275911,-0.1820930801420204,0.48148148148148145,1.9683564169567727,0.11726375968126224,1.8311421082916972,0.33446898892950966,0.7331872364974442,2.044305673101122,0.3839940524912485,0.6361181119164361,2.14137479768213,0.3134692122013037,-0.19911539048696414,1.0296839213421465,0.28397254660823784,-0.14130192592455504,0.9718704567797373,0.5037602626634647,1.580183162491083,0.5117675507506823,1.7281643710696533,-0.5196725602745476,0.5389932446618503,-0.4121559919959563,0.4696644805171483,0.03246083514733933,-0.16786270457670627,-0.014281230382925336
