symbol,company,industry,sector_logic,as_of_date,period_end,quality,fundamental_state,valuation,research_classification,data_quality,quality_reasons,fundamental_reasons,valuation_reasons,reason_codes,data_quality_flags,revenue,ttm_revenue,ttm_eps,ttm_net_income,ttm_operating_income,ttm_cfo,ttm_fcf,equity,assets,cash,debt,net_debt,net_debt_equity,debt_equity,current_ratio,gross_margin,operating_margin,net_margin,roe,roa,roic,revenue_yoy,eps_yoy,fcf_yoy,operating_margin_change,median_roe_5y,median_roa_5y,median_roic_5y,median_cfo_net_income_5y,fcf_positive_ratio_5y,revenue_cagr_3y,revenue_cagr_5y,eps_cagr_3y,eps_cagr_5y,fcf_cagr_3y,fcf_cagr_5y,equity_cagr_3y,price,pe,pb,dividend_yield,pe_percentile,pb_percentile,dividend_yield_percentile,pe_p25,pe_median,pe_p75,pb_p25,pb_median,pb_p75,normalized_eps_5y,normalized_pe,fcf_per_share,fcf_yield,intrinsic_bear,intrinsic_base,intrinsic_bull,intrinsic_margin_of_safety_base,intrinsic_reverse_dcf_growth,pit_period_end,pit_announcement_date,pit_available_date,pit_as_of_date,pit_source,pit_availability_method,pit_timestamp_confidence
1216,統一,食品工業,GENERAL,2026-09-03,2026-06-30,GOOD,DETERIORATING,LOW,POSSIBLE_VALUE_TRAP,PARTIAL,"ROE, ROIC and operating margin meet the durable-profitability gate | Revenue and EPS grew over three years without contradictory FCF evidence | Operating cash flow supports earnings and free cash flow is persistent | Balance-sheet resilience gate is met",Revenue direction is weakening with EPS or margin-and-cash-flow deterioration,P/E is in the lowest historical quartile with P/B or positive-FCF corroboration,PROFITABILITY_DURABLE | GROWTH_DURABLE | CASH_CONVERSION_SUPPORTED | BALANCE_SHEET_RESILIENT | DETERIORATION_CORROBORATED | HISTORICAL_VALUATION_LOW | SIMPLIFIED_DCF_AVAILABLE,AVAILABLE_DATE_PROXY | ANNOUNCEMENT_DATE_UNAVAILABLE | ADJUSTED_RETURN_SECONDARY_SOURCE | RAW_PRICE_RETAINED | UNIVERSE_SOURCE_RECONSTRUCTED,174920881000.0,683964307000.0,4.140000000000001,35201647000.0,35071445000.0,77326383000.0,48210863000.0,136316717000.0,762860615000.0,111954151000.0,146813213000.0,34859062000.0,0.2557211086590356,1.0770007980752647,0.8658930541545181,0.3329058076125601,0.0512767181577503,0.0514670818926228,0.2783405689468115,0.04789537379391868,0.16610833567476394,0.012383799232371429,0.1828571428571426,0.018201187292992138,-0.0024627166127034333,0.24307100728622627,0.049776887587216656,0.15617455524715385,2.3922931506970277,1.0,0.08270178737770473,0.08191932675207281,0.06889131328152387,0.0183608813392091,0.0575774254527901,0.052962459238742765,0.0490698067179296,75.6,18.5,3.19,3.92,0.14544055405925355,0.13466717968449404,0.6040784917275875,19.49,21.62,23.41,3.3,3.48,3.78,3.395000000000001,22.268041237113394,5.669989612133774,0.0749998625943621,75.75180337949921,93.76979767500983,115.28450008876878,0.24034123908743177,0.007114943843760879,2026-06-30,,2026-08-29,2026-09-03,FinMind v4 (TWSE/MOPS-derived vendor dataset),CONSERVATIVE_FILING_LAG_PROXY,conservative
1303,南亞,塑膠工業,GENERAL,2026-09-03,2026-06-30,WEAK,UNKNOWN,HIGH,UNCLASSIFIED_RESEARCH_CASE,PARTIAL,Operating cash flow supports earnings and free cash flow is persistent | Balance-sheet resilience gate is met,Mixed fundamental directions do not satisfy a named state gate,P/E and available P/B context are in the highest historical quartile,PROFITABILITY_DURABLE_NOT_ESTABLISHED | GROWTH_DURABLE_NOT_ESTABLISHED | CASH_CONVERSION_SUPPORTED | BALANCE_SHEET_RESILIENT | MIXED_FUNDAMENTAL_DIRECTION | HISTORICAL_VALUATION_HIGH | SIMPLIFIED_DCF_NOT_APPLICABLE,AVAILABLE_DATE_PROXY | ANNOUNCEMENT_DATE_UNAVAILABLE | ADJUSTED_RETURN_SECONDARY_SOURCE | RAW_PRICE_RETAINED | UNIVERSE_SOURCE_RECONSTRUCTED,83646883000.0,280887419000.0,6.199999999999999,51002248000.0,17464682000.0,5290269000.0,-9114435000.0,477747773000.0,723033450000.0,41946162000.0,102904808000.0,60958646000.0,0.1275958768310156,0.2153956832782557,1.7784460315644808,0.12567109671793453,0.062176804009865604,0.1815754090431512,0.12862034520002527,0.07825342170214229,0.034086138254834586,0.05660392738725695,-16.12195121951219,-1.8333685353931566,0.05438361168775166,0.024497208021906237,0.013530570368893512,0.013302636582997015,2.453098704949824,0.85,-0.008152887043390789,-0.037970028925893295,1.2028650806858692,-0.04922498706270684,,,0.10726312824021123,221.0,38.31,3.94,0.34,0.7630081300813009,0.9957676029242016,0.0011542901115813775,11.02,16.700000000000003,34.832499999999996,1.45,1.6,1.76,0.8999999999999999,245.55555555555557,-1.1079805148980884,-0.005013486492751531,,,,,,2026-06-30,,2026-08-29,2026-09-03,FinMind v4 (TWSE/MOPS-derived vendor dataset),CONSERVATIVE_FILING_LAG_PROXY,conservative
2059,川湖,電子零組件業,GENERAL,2026-09-03,2026-06-30,GOOD,MATURE_GROWTH,HIGH,HIGH_EXPECTATION_RISK,PARTIAL,"ROE, ROIC and operating margin meet the durable-profitability gate | Revenue and EPS grew over three years without contradictory FCF evidence | Operating cash flow supports earnings and free cash flow is persistent | Balance-sheet resilience gate is met",Revenue and EPS growth have remained positive across eight observations,P/E and available P/B context are in the highest historical quartile,PROFITABILITY_DURABLE | GROWTH_DURABLE | CASH_CONVERSION_SUPPORTED | BALANCE_SHEET_RESILIENT | SUSTAINED_GROWTH_EIGHT_PERIODS | HISTORICAL_VALUATION_HIGH | SIMPLIFIED_DCF_AVAILABLE,AVAILABLE_DATE_PROXY | ANNOUNCEMENT_DATE_UNAVAILABLE | ADJUSTED_RETURN_SECONDARY_SOURCE | RAW_PRICE_RETAINED | UNIVERSE_SOURCE_RECONSTRUCTED | EARNINGS_QUALITY_REVIEW,10830041000.0,25597528000.0,181.39,17285362000.0,18943307000.0,12781684000.0,11626023000.0,33753838000.0,47110680000.0,29384179000.0,238735000.0,-29145444000.0,-0.8634705185229603,0.0070728253184126795,3.5612188974705936,0.8097983914696762,0.740044390223931,0.675274659334292,0.6284333314276527,0.45171984318371644,4.463838185477115,0.847162289888451,1.6852701702442636,0.5655908693348273,0.07298987823144276,0.26294410431978377,0.20441523590305422,0.8630899434592905,0.94114969352787,1.0,0.5700701215067268,0.3739195678253,0.7333514260963814,0.6632582844878936,0.49299396845817856,0.6504634278935193,0.3132789676842396,13450.0,76.44,39.14,0.37,0.9953828395536745,0.9961523662947287,0.00461716044632551,19.475,25.55,30.66,3.105,4.4,5.675,42.35,317.5914994096812,122.00174413298373,0.009070761645574998,2405.177241478822,2940.3843473472443,3571.5928158907072,-0.7813840633942569,,2026-06-30,,2026-08-29,2026-09-03,FinMind v4 (TWSE/MOPS-derived vendor dataset),CONSERVATIVE_FILING_LAG_PROXY,conservative
2301,光寶科,電腦及週邊設備業,GENERAL,2026-09-03,2026-06-30,GOOD,CONFIRMED_GROWTH,HIGH,UNCLASSIFIED_RESEARCH_CASE,PARTIAL,"ROE, ROIC and operating margin meet the durable-profitability gate | Revenue and EPS grew over three years without contradictory FCF evidence | Operating cash flow supports earnings and free cash flow is persistent | Balance-sheet resilience gate is met",Revenue and EPS growth are positive across three observations,P/E and available P/B context are in the highest historical quartile,PROFITABILITY_DURABLE | GROWTH_DURABLE | CASH_CONVERSION_SUPPORTED | BALANCE_SHEET_RESILIENT | GROWTH_CONFIRMED_THREE_PERIODS | HISTORICAL_VALUATION_HIGH | SIMPLIFIED_DCF_NOT_APPLICABLE,AVAILABLE_DATE_PROXY | ANNOUNCEMENT_DATE_UNAVAILABLE | ADJUSTED_RETURN_SECONDARY_SOURCE | RAW_PRICE_RETAINED | UNIVERSE_SOURCE_RECONSTRUCTED | EARNINGS_QUALITY_REVIEW,52703454000.0,185357669000.0,8.55,19397120000.0,21637736000.0,6157864000.0,-4412350000.0,95803594000.0,239164413000.0,75190014000.0,34376464000.0,-40813550000.0,-0.426012723489267,0.35882227967355795,1.386278068783617,0.2407612171687377,0.11673504590738029,0.1046469784856865,0.22005584156127345,0.08938066139635216,0.4029870340781543,0.22017733818073348,0.4973730297723291,-1.4092403063790697,0.019152078038300283,0.17337800495977185,0.07365523825247366,0.4239666746770722,1.229412456761076,0.9,0.04865424876512936,0.028376835888506813,0.10078548693758194,0.08371233643915166,,,0.05737254551083959,299.0,36.84,7.46,1.59,0.9453636013851482,0.9996152366294728,0.0007695267410542517,11.86,13.1,19.37,1.47,1.86,2.74,6.105,48.976248976248975,-1.944906898549888,-0.006504705346320696,,,,,,2026-06-30,,2026-08-29,2026-09-03,FinMind v4 (TWSE/MOPS-derived vendor dataset),CONSERVATIVE_FILING_LAG_PROXY,conservative
2303,聯電,電子工業,GENERAL,2026-09-03,2026-06-30,ACCEPTABLE,UNKNOWN,HIGH,UNCLASSIFIED_RESEARCH_CASE,PARTIAL,"ROE, ROIC and operating margin meet the durable-profitability gate | Operating cash flow supports earnings and free cash flow is persistent | Balance-sheet resilience gate is met",Mixed fundamental directions do not satisfy a named state gate,P/E and available P/B context are in the highest historical quartile,PROFITABILITY_DURABLE | GROWTH_DURABLE_NOT_ESTABLISHED | CASH_CONVERSION_SUPPORTED | BALANCE_SHEET_RESILIENT | MIXED_FUNDAMENTAL_DIRECTION | HISTORICAL_VALUATION_HIGH | SIMPLIFIED_DCF_AVAILABLE,AVAILABLE_DATE_PROXY | ANNOUNCEMENT_DATE_UNAVAILABLE | ADJUSTED_RETURN_SECONDARY_SOURCE | RAW_PRICE_RETAINED | UNIVERSE_SOURCE_RECONSTRUCTED,68732662000.0,250707149000.0,6.68,83284326000.0,49569476000.0,109619148000.0,62221261000.0,443920249000.0,665972883000.0,124706465000.0,48372620000.0,-76333845000.0,-0.1719539605862854,0.10896691491088076,2.166015412795073,0.3060265186135558,0.19771863785184682,0.332197651053022,0.21333300771513788,0.13719330805310587,0.1401357224885949,0.05566323617057756,1.1072555205047316,0.8009834119532626,0.0012359207116166837,0.20593175202822167,0.12588505699489044,0.19912539735222884,1.648292607482385,0.8,-0.003991226720444052,0.059064831405460705,0.018637815542667857,0.13799848430620432,0.9006124033597191,0.08333769899456622,0.10778093205129902,125.0,18.95,3.56,2.07,0.7679876875721431,0.9807618314736437,0.04578684109272797,11.614999999999998,15.64,18.705,0.81,1.51,1.88,4.515000000000001,27.68549280177187,4.9905911885508925,0.03992472950840714,98.38594057428901,120.27906911583958,146.0992198328494,-0.03776744707328339,0.15977005642612074,2026-06-30,,2026-08-29,2026-09-03,FinMind v4 (TWSE/MOPS-derived vendor dataset),CONSERVATIVE_FILING_LAG_PROXY,conservative
2308,台達電,電子零組件業,GENERAL,2026-09-03,2026-06-30,GOOD,TURNING_UP,HIGH,UNCLASSIFIED_RESEARCH_CASE,PARTIAL,"ROE, ROIC and operating margin meet the durable-profitability gate | Revenue and EPS grew over three years without contradictory FCF evidence | Operating cash flow supports earnings and free cash flow is persistent | Balance-sheet resilience gate is met",Revenue growth is in an early recovery and at least one independent fundamental family corroborates it,P/E and available P/B context are in the highest historical quartile,PROFITABILITY_DURABLE | GROWTH_DURABLE | CASH_CONVERSION_SUPPORTED | BALANCE_SHEET_RESILIENT | EARLY_REVENUE_RECOVERY | RECOVERY_CORROBORATED | HISTORICAL_VALUATION_HIGH | SIMPLIFIED_DCF_AVAILABLE,AVAILABLE_DATE_PROXY | ANNOUNCEMENT_DATE_UNAVAILABLE | ADJUSTED_RETURN_SECONDARY_SOURCE | RAW_PRICE_RETAINED | UNIVERSE_SOURCE_RECONSTRUCTED,183256080000.0,654539408000.0,31.42,91562856000.0,110214645000.0,117981310000.0,64048015000.0,293710740000.0,754433332000.0,182350204000.0,64332977000.0,-118017227000.0,-0.4018144756980967,0.21903515343020824,1.5994945612739628,0.3553462039981556,0.1683850409202558,0.13988898893005997,0.3619739767922975,0.14077364457150862,0.5508375558588439,0.39453572242072643,0.8680142687277053,0.3758936899817593,0.04091520346047198,0.2067238217079002,0.08814632463376787,0.20596230021845427,1.4697064087861609,1.0,0.1732203439041735,0.16311207065891464,0.3382415084639234,0.221799869409105,0.23374886515216886,0.21007721500908483,0.1834455126539558,1760.0,55.06,15.3,0.67,0.9399769141977684,0.9653712966525587,0.04578684109272797,20.78,23.58,26.74,3.14,3.89,4.75,13.010000000000002,135.28055342044578,21.978220418332082,0.012487625237688683,433.2849168185468,529.7007494431366,643.4109176883089,-0.6990336650891269,,2026-06-30,,2026-08-29,2026-09-03,FinMind v4 (TWSE/MOPS-derived vendor dataset),CONSERVATIVE_FILING_LAG_PROXY,conservative
2317,鴻海,電子工業,GENERAL,2026-09-03,2026-06-30,ACCEPTABLE,TURNING_UP,HIGH,UNCLASSIFIED_RESEARCH_CASE,PARTIAL,"ROE, ROIC and operating margin meet the durable-profitability gate | Revenue and EPS grew over three years without contradictory FCF evidence | Balance-sheet resilience gate is met",Revenue growth is in an early recovery and at least one independent fundamental family corroborates it,P/E and available P/B context are in the highest historical quartile,PROFITABILITY_DURABLE | GROWTH_DURABLE | CASH_CONVERSION_SUPPORTED_NOT_ESTABLISHED | BALANCE_SHEET_RESILIENT | EARLY_REVENUE_RECOVERY | RECOVERY_CORROBORATED | HISTORICAL_VALUATION_HIGH | SIMPLIFIED_DCF_NOT_APPLICABLE,AVAILABLE_DATE_PROXY | ANNOUNCEMENT_DATE_UNAVAILABLE | ADJUSTED_RETURN_SECONDARY_SOURCE | RAW_PRICE_RETAINED | UNIVERSE_SOURCE_RECONSTRUCTED | EARNINGS_QUALITY_REVIEW,2525894433000.0,9310748978000.0,15.21,246676361000.0,326578502000.0,135854606000.0,-41644456000.0,1907936607000.0,5622576474000.0,963002077000.0,1146768570000.0,183766493000.0,0.09631687568957054,0.6010517151317492,1.422747773202668,0.061176334508199,0.03507542763441045,0.026493718344556577,0.1464682935467623,0.05054057004204199,0.13681025918887585,0.25433502624493665,0.16018306636155621,5.632432917109353,0.005120866448601949,0.1149449641868417,0.0423287847081749,0.1255294457479659,0.8026453715136366,0.65,0.12861400087047437,0.09189086549841763,0.19113842519643276,0.09368584127098423,,,0.11062646057040015,247.5,16.55,1.85,2.86,0.8978017740069417,0.8935595834940223,0.19205553413035095,9.83,11.06,13.41,1.0,1.21,1.54,10.715,23.09846010265982,-2.5677862815561805,-0.010374894066893658,,,,,,2026-06-30,,2026-08-29,2026-09-03,FinMind v4 (TWSE/MOPS-derived vendor dataset),CONSERVATIVE_FILING_LAG_PROXY,conservative
2327,國巨*,電子工業,GENERAL,2026-09-03,2026-06-30,ACCEPTABLE,TURNING_UP,HIGH,UNCLASSIFIED_RESEARCH_CASE,PARTIAL,"ROE, ROIC and operating margin meet the durable-profitability gate | Operating cash flow supports earnings and free cash flow is persistent | Balance-sheet resilience gate is met",Revenue growth is in an early recovery and at least one independent fundamental family corroborates it,P/E and available P/B context are in the highest historical quartile,PROFITABILITY_DURABLE | GROWTH_DURABLE_NOT_ESTABLISHED | CASH_CONVERSION_SUPPORTED | BALANCE_SHEET_RESILIENT | EARLY_REVENUE_RECOVERY | RECOVERY_CORROBORATED | HISTORICAL_VALUATION_HIGH | SIMPLIFIED_DCF_AVAILABLE,AVAILABLE_DATE_PROXY | ANNOUNCEMENT_DATE_UNAVAILABLE | ADJUSTED_RETURN_SECONDARY_SOURCE | RAW_PRICE_RETAINED | UNIVERSE_SOURCE_RECONSTRUCTED,44456327000.0,151676908000.0,14.880000000000006,30695638000.0,37655685000.0,34934614000.0,28893516000.0,176751310000.0,507342236000.0,147495485000.0,146158681000.0,-1336804000.0,-0.0075631914694154175,0.8269171017742386,1.3119432603558538,0.3761270370833245,0.24826247776622662,0.20237515653997903,0.18967327682165533,0.07128306199121365,0.1867964591519039,0.20743288803455462,-0.6144078776885202,0.17589544081983433,0.045698585687453525,0.15076910445592925,0.06402543030467388,0.12470416721552219,1.4764686296902978,1.0,0.10478550624915695,0.0966207228642979,-0.28318482843243764,-0.170588926486252,0.1677700733088614,0.18412579469886525,0.1170616801688531,511.0,36.36,6.28,1.11,0.9618380062305296,0.9396417445482866,0.05218068535825545,9.45,12.96,20.560000000000002,1.72,2.35,3.5425,42.325,12.073242764323686,14.006404365336865,0.027409793278545723,276.12625748806965,337.57068352696035,410.03654138886077,-0.3393920087535023,0.25861967145429754,2026-06-30,,2026-08-29,2026-09-03,FinMind v4 (TWSE/MOPS-derived vendor dataset),CONSERVATIVE_FILING_LAG_PROXY,conservative
2330,台積電,電子工業,GENERAL,2026-09-03,2026-06-30,GOOD,MATURE_GROWTH,HIGH,HIGH_EXPECTATION_RISK,PARTIAL,"ROE, ROIC and operating margin meet the durable-profitability gate | Revenue and EPS grew over three years without contradictory FCF evidence | Operating cash flow supports earnings and free cash flow is persistent | Balance-sheet resilience gate is met",Revenue and EPS growth have remained positive across eight observations,P/E and available P/B context are in the highest historical quartile,PROFITABILITY_DURABLE | GROWTH_DURABLE | CASH_CONVERSION_SUPPORTED | BALANCE_SHEET_RESILIENT | SUSTAINED_GROWTH_EIGHT_PERIODS | HISTORICAL_VALUATION_HIGH | SIMPLIFIED_DCF_AVAILABLE,AVAILABLE_DATE_PROXY | ANNOUNCEMENT_DATE_UNAVAILABLE | ADJUSTED_RETURN_SECONDARY_SOURCE | RAW_PRICE_RETAINED | UNIVERSE_SOURCE_RECONSTRUCTED,1270380250000.0,4440492429000.0,86.28,2236752922000.0,2491156024000.0,2634679110000.0,1143556366000.0,6432518334000.0,9375654727000.0,3134218213000.0,864263674000.0,-2269954539000.0,-0.3528873795822437,0.13435852478364657,2.457635139531409,0.642301687617628,0.561008956513638,0.5037173146365925,0.40618044671440906,0.27307439118141275,0.5751301546797054,0.30556683675749596,0.5322322855620671,0.21946055929269592,0.07383260513644802,0.32933938689288544,0.20290686459516383,0.3805512963771003,1.5428482896260336,1.0,0.2584297557215065,0.2504378894002488,0.32334282411260507,0.3219685486833481,0.5687186174592955,0.3431723717132136,0.26353371007463067,2390.0,27.65,9.61,0.92,0.8283955367449019,0.9611388995767602,0.01731435167372066,16.04,19.79,26.295,4.0649999999999995,4.89,6.925,38.215,62.54088708622268,44.111283945594415,0.018456604161336574,869.6224549274327,1063.1333984343387,1291.3548569278723,-0.5551743102785194,,2026-06-30,,2026-08-29,2026-09-03,FinMind v4 (TWSE/MOPS-derived vendor dataset),CONSERVATIVE_FILING_LAG_PROXY,conservative
2344,華邦電,電子工業,CYCLICAL,2026-09-03,2026-06-30,WEAK,TURNING_UP,HIGH,UNCLASSIFIED_RESEARCH_CASE,PARTIAL,Free cash flow was positive in fewer than half of observed TTM periods,Revenue growth is in an early recovery and at least one independent fundamental family corroborates it,Normalized P/E is above the historical upper quartile | Current P/E is materially below normalized P/E; peak-earnings distortion is possible,FCF_PERSISTENCE_WEAK | SECTOR_LOGIC_CYCLICAL | EARLY_REVENUE_RECOVERY | RECOVERY_CORROBORATED | VALUATION_SECTOR_CYCLICAL_NORMALIZED_EPS | CYCLICAL_LOW_PE_TRAP_RISK | SIMPLIFIED_DCF_AVAILABLE,AVAILABLE_DATE_PROXY | ANNOUNCEMENT_DATE_UNAVAILABLE | ADJUSTED_RETURN_SECONDARY_SOURCE | RAW_PRICE_RETAINED | UNIVERSE_SOURCE_RECONSTRUCTED | NORMALIZED_EARNINGS_REQUIRED,59843265000.0,146491926000.0,9.06,40111926000.0,49324675000.0,44024738000.0,32434296000.0,165009628000.0,293034319000.0,43014862000.0,25555345000.0,-17459517000.0,-0.10580908042529494,0.15487184178125654,1.5978037904284632,0.5554710639820518,0.336705758104375,0.27381663341636997,0.3175014809988861,0.16974752662200882,0.3071381625626426,0.8082072645107929,-14.323529411764708,-19.585881414517416,0.37038770256582587,0.03823568328964824,0.0194525721265887,0.031112349490323127,1.7156213537373373,0.4,0.23539350321185015,0.12049207725350741,1.4066057333956623,0.45071404947408267,,0.35152151825625366,0.22980228682615866,169.0,19.74,4.88,0.28,0.5508550855085509,0.966140823393613,0.017461066540821142,9.9325,15.85,45.93,0.91,1.16,1.455,0.765,220.91503267973854,7.32586916320099,0.04334833824379284,86.7500675234468,107.79493197281452,133.02448053927398,-0.36216016584133415,0.1389666225230689,2026-06-30,,2026-08-29,2026-09-03,FinMind v4 (TWSE/MOPS-derived vendor dataset),CONSERVATIVE_FILING_LAG_PROXY,conservative
2345,智邦,電子工業,GENERAL,2026-09-03,2026-06-30,ACCEPTABLE,MATURE_GROWTH,HIGH,UNCLASSIFIED_RESEARCH_CASE,PARTIAL,"ROE, ROIC and operating margin meet the durable-profitability gate | Operating cash flow supports earnings and free cash flow is persistent | Balance-sheet resilience gate is met",Revenue and EPS growth have remained positive across eight observations,P/E and available P/B context are in the highest historical quartile,PROFITABILITY_DURABLE | GROWTH_DURABLE_NOT_ESTABLISHED | CASH_CONVERSION_SUPPORTED | BALANCE_SHEET_RESILIENT | SUSTAINED_GROWTH_EIGHT_PERIODS | HISTORICAL_VALUATION_HIGH | SIMPLIFIED_DCF_AVAILABLE,AVAILABLE_DATE_PROXY | ANNOUNCEMENT_DATE_UNAVAILABLE | ADJUSTED_RETURN_SECONDARY_SOURCE | RAW_PRICE_RETAINED | UNIVERSE_SOURCE_RECONSTRUCTED | EARNINGS_QUALITY_REVIEW,95537694000.0,310622779000.0,63.650000000000006,35547641000.0,42492947000.0,13091212000.0,6107876000.0,69038082000.0,199340809000.0,27677100000.0,5709823000.0,-21967277000.0,-0.3181907197248035,0.08270541177548936,1.424456145293324,0.18650824059493717,0.13679919784633696,0.11443990397111217,0.6569858172114779,0.22756894721984366,1.0968483459260643,0.8216207903963124,1.0512407347728008,-0.4630748799827562,0.003946583096469586,0.43060703410155016,0.18799663226407826,0.7098368940607918,1.1653474446832894,0.9,0.5551692541583195,0.40190657147181374,0.5753655198956811,0.4827812594621157,-0.23854312185235615,0.038995565264354104,0.4987384447314276,2090.0,33.62,17.33,0.7,0.868410927279723,0.966140823393613,0.030011542901115813,20.270000000000003,24.69,31.12,6.16,8.85,11.33,16.32,128.06372549019608,10.936486823415372,0.005232768815031278,123.89671145776978,141.37815818336293,175.18892766886628,-0.9323549482376254,,2026-06-30,,2026-08-29,2026-09-03,FinMind v4 (TWSE/MOPS-derived vendor dataset),CONSERVATIVE_FILING_LAG_PROXY,conservative
2357,華碩,電腦及週邊設備業,GENERAL,2026-09-03,2026-06-30,ACCEPTABLE,TURNING_UP,NORMAL,UNCLASSIFIED_RESEARCH_CASE,PARTIAL,"ROE, ROIC and operating margin meet the durable-profitability gate | Revenue and EPS grew over three years without contradictory FCF evidence | Balance-sheet resilience gate is met",Revenue growth is in an early recovery and at least one independent fundamental family corroborates it,Valuation is within the model's middle historical context,PROFITABILITY_DURABLE | GROWTH_DURABLE | CASH_CONVERSION_SUPPORTED_NOT_ESTABLISHED | BALANCE_SHEET_RESILIENT | EARLY_REVENUE_RECOVERY | RECOVERY_CORROBORATED | HISTORICAL_VALUATION_NORMAL | SIMPLIFIED_DCF_NOT_APPLICABLE,AVAILABLE_DATE_PROXY | ANNOUNCEMENT_DATE_UNAVAILABLE | ADJUSTED_RETURN_SECONDARY_SOURCE | RAW_PRICE_RETAINED | UNIVERSE_SOURCE_RECONSTRUCTED | EARNINGS_QUALITY_REVIEW,257731987000.0,869307027000.0,68.4,55601205000.0,52111160000.0,-71446191000.0,-73635959000.0,301357449000.0,868541957000.0,86156490000.0,101009353000.0,14852863000.0,0.049286530163055634,0.33518120535988477,1.280019021596601,0.15674627924064855,0.059945632994405786,0.06396037679792044,0.20383635760359142,0.077376777030592,0.1774598404338669,0.32479346689379707,0.3829357056207039,-2.3054385597719262,0.008642616799642927,0.14900521165732278,0.06930792593745386,0.12791918196721225,0.42502791387670064,0.65,0.20329623896378424,0.1196713941467209,1.4938624957674405,0.04118729197668447,,,0.1117506170793201,971.0,14.77,2.49,4.16,0.7479799923047326,1.0,0.1446710273181993,10.844999999999999,12.49,14.8,1.03,1.17,1.3650000000000002,46.09,21.06747667606856,-90.58615897982787,-0.09329161583916362,,,,,,2026-06-30,,2026-08-29,2026-09-03,FinMind v4 (TWSE/MOPS-derived vendor dataset),CONSERVATIVE_FILING_LAG_PROXY,conservative
2360,致茂,電子工業,GENERAL,2026-09-03,2026-06-30,GOOD,TURNING_UP,HIGH,UNCLASSIFIED_RESEARCH_CASE,PARTIAL,"ROE, ROIC and operating margin meet the durable-profitability gate | Revenue and EPS grew over three years without contradictory FCF evidence | Operating cash flow supports earnings and free cash flow is persistent | Balance-sheet resilience gate is met",Revenue growth is in an early recovery and at least one independent fundamental family corroborates it,P/E and available P/B context are in the highest historical quartile,PROFITABILITY_DURABLE | GROWTH_DURABLE | CASH_CONVERSION_SUPPORTED | BALANCE_SHEET_RESILIENT | EARLY_REVENUE_RECOVERY | RECOVERY_CORROBORATED | HISTORICAL_VALUATION_HIGH | SIMPLIFIED_DCF_AVAILABLE,AVAILABLE_DATE_PROXY | ANNOUNCEMENT_DATE_UNAVAILABLE | ADJUSTED_RETURN_SECONDARY_SOURCE | RAW_PRICE_RETAINED | UNIVERSE_SOURCE_RECONSTRUCTED | EARNINGS_QUALITY_REVIEW,13529459000.0,40379617000.0,39.29,16940428000.0,14874814000.0,7869954000.0,7029314000.0,32989812000.0,63701308000.0,9393875000.0,3256798000.0,-6137077000.0,-0.18602946267168785,0.09872132645072364,1.6727764706035162,0.6107426675196053,0.36837432113335794,0.41952918968993685,0.5948406636287721,0.3242619143551171,0.5074594570781743,0.6157440505903145,1.375453446191052,0.6293231691968066,0.07110640698147858,0.25538928980009873,0.15395109996329331,0.20742739453405562,0.8361418690945455,1.0,0.23306860641543858,0.18817101402364833,0.5375129354640322,0.32751007449798064,0.1784109636207052,0.1718040696864156,0.18287858513165878,2015.0,50.38,25.36,0.99,0.9519045786841093,0.9634474797999231,0.04309349749903809,20.27,24.18,32.17,3.83,4.52,5.54,11.274999999999999,178.71396895787143,16.303115072417295,0.008090875966460196,321.4042685705124,392.9240906563126,477.27259215094193,-0.8050004512871898,,2026-06-30,,2026-08-29,2026-09-03,FinMind v4 (TWSE/MOPS-derived vendor dataset),CONSERVATIVE_FILING_LAG_PROXY,conservative
2368,金像電,電子工業,GENERAL,2026-09-03,2026-06-30,ACCEPTABLE,TURNING_UP,HIGH,UNCLASSIFIED_RESEARCH_CASE,PARTIAL,"ROE, ROIC and operating margin meet the durable-profitability gate | Operating cash flow supports earnings and free cash flow is persistent | Balance-sheet resilience gate is met",Revenue growth is in an early recovery and at least one independent fundamental family corroborates it,P/E and available P/B context are in the highest historical quartile,PROFITABILITY_DURABLE | GROWTH_DURABLE_NOT_ESTABLISHED | CASH_CONVERSION_SUPPORTED | BALANCE_SHEET_RESILIENT | EARLY_REVENUE_RECOVERY | RECOVERY_CORROBORATED | HISTORICAL_VALUATION_HIGH | SIMPLIFIED_DCF_AVAILABLE,AVAILABLE_DATE_PROXY | ANNOUNCEMENT_DATE_UNAVAILABLE | ADJUSTED_RETURN_SECONDARY_SOURCE | RAW_PRICE_RETAINED | UNIVERSE_SOURCE_RECONSTRUCTED | EARNINGS_QUALITY_REVIEW,24279310000.0,77680213000.0,28.5,14426657000.0,20234546000.0,9172336000.0,538292000.0,42192926000.0,97062481000.0,24152829000.0,13256264000.0,-10896565000.0,-0.2582557322523686,0.314182145130205,1.6576757988758997,0.34689603644624406,0.26048520232559097,0.18571855615277472,0.45950124949281507,0.19367764977867805,0.5643070459429149,0.6803488029407927,1.1923076923076925,-0.1150806763165898,0.053880415646238355,0.31970851334260614,0.1463885703767719,0.34055798685732785,0.926451717227989,0.8,0.367920700534903,0.2626065946550906,0.5782251183542757,0.46872930748873376,-0.4885054388560408,-0.2668016908653108,0.4548181253471788,1100.0,42.18,14.42,0.83,0.8538306451612904,0.9660493827160493,0.05690440060698027,15.4275,21.795,37.2275,0.9,3.21,5.43,8.875,123.94366197183099,1.0634010360127089,0.000966728214557008,12.047003160162456,13.746798428894953,17.034363062749,-0.9875029105191864,,2026-06-30,,2026-08-29,2026-09-03,FinMind v4 (TWSE/MOPS-derived vendor dataset),CONSERVATIVE_FILING_LAG_PROXY,conservative
2382,廣達,電腦及週邊設備業,GENERAL,2026-09-03,2026-06-30,ACCEPTABLE,MATURE_GROWTH,NORMAL,UNCLASSIFIED_RESEARCH_CASE,PARTIAL,"ROE, ROIC and operating margin meet the durable-profitability gate | Revenue and EPS grew over three years without contradictory FCF evidence | Balance-sheet resilience gate is met",Revenue and EPS growth have remained positive across eight observations,Valuation is within the model's middle historical context,PROFITABILITY_DURABLE | GROWTH_DURABLE | CASH_CONVERSION_SUPPORTED_NOT_ESTABLISHED | BALANCE_SHEET_RESILIENT | SUSTAINED_GROWTH_EIGHT_PERIODS | HISTORICAL_VALUATION_NORMAL | SIMPLIFIED_DCF_NOT_APPLICABLE,AVAILABLE_DATE_PROXY | ANNOUNCEMENT_DATE_UNAVAILABLE | ADJUSTED_RETURN_SECONDARY_SOURCE | RAW_PRICE_RETAINED | UNIVERSE_SOURCE_RECONSTRUCTED | EARNINGS_QUALITY_REVIEW,1036592712000.0,2979709572000.0,22.939999999999998,89107331000.0,99660918000.0,-6473809000.0,-35383390000.0,243624611000.0,2062526949000.0,268997147000.0,416271054000.0,147273907000.0,0.6045116147974064,1.70865764460882,1.127536647781596,0.05540555514247279,0.03344652074031059,0.029904703410470503,0.4129862419646198,0.05861657673257057,0.2706199443145301,0.6267846757240427,0.2837157246782316,1.2811632456901716,-0.01007664960190574,0.26028699127906657,0.05459865059051733,0.19535264984668405,0.3717445669167942,0.5,0.346925712624653,0.2077371118064666,0.3639810219058477,0.22934639327408357,,,0.13830208522791843,335.0,14.68,5.33,4.63,0.42093112735667565,0.8453251250480954,0.24971142747210465,13.1,15.11,17.18,1.78,2.08,4.635,11.015,30.41307308216069,-9.109182796643296,-0.02719159043774118,,,,,,2026-06-30,,2026-08-29,2026-09-03,FinMind v4 (TWSE/MOPS-derived vendor dataset),CONSERVATIVE_FILING_LAG_PROXY,conservative
2383,台光電,電子零組件業,GENERAL,2026-09-03,2026-06-30,ACCEPTABLE,MATURE_GROWTH,HIGH,UNCLASSIFIED_RESEARCH_CASE,PARTIAL,"ROE, ROIC and operating margin meet the durable-profitability gate | Revenue and EPS grew over three years without contradictory FCF evidence | Balance-sheet resilience gate is met",Revenue and EPS growth have remained positive across eight observations,P/E and available P/B context are in the highest historical quartile,PROFITABILITY_DURABLE | GROWTH_DURABLE | CASH_CONVERSION_SUPPORTED_NOT_ESTABLISHED | BALANCE_SHEET_RESILIENT | SUSTAINED_GROWTH_EIGHT_PERIODS | HISTORICAL_VALUATION_HIGH | SIMPLIFIED_DCF_NOT_APPLICABLE,AVAILABLE_DATE_PROXY | ANNOUNCEMENT_DATE_UNAVAILABLE | ADJUSTED_RETURN_SECONDARY_SOURCE | RAW_PRICE_RETAINED | UNIVERSE_SOURCE_RECONSTRUCTED | EARNINGS_QUALITY_REVIEW,47275194000.0,130415275000.0,64.08000000000001,22910551000.0,29787102000.0,13685295000.0,-1486437000.0,58335438000.0,158577444000.0,22567762000.0,25603624000.0,3035862000.0,0.052041470915157956,0.43890343293556827,1.3549558280050034,0.31002896708226857,0.22840194141368794,0.17567383115206406,0.48363252019267616,0.18612232981402968,0.47638697546801945,0.625862931024187,0.8308571428571432,-0.13616559823285634,0.030484343112425955,0.30716155917006904,0.14829549025217242,0.35084560072392357,0.7587482645189534,0.65,0.5457598672994288,0.31992191137899795,0.726570768559254,0.37643752935855535,,,0.4218718526144314,5290.0,85.14,33.45,0.46,0.9657560600230858,0.9715275105809927,0.011158137745286649,11.98,15.25,20.555,2.8,3.55,5.25,19.115,276.7460109861366,-4.1575116617666685,-0.0007859190286893513,,,,,,2026-06-30,,2026-08-29,2026-09-03,FinMind v4 (TWSE/MOPS-derived vendor dataset),CONSERVATIVE_FILING_LAG_PROXY,conservative
2395,研華,電腦及週邊設備業,GENERAL,2026-09-03,2026-06-30,ACCEPTABLE,CONFIRMED_GROWTH,HIGH,UNCLASSIFIED_RESEARCH_CASE,PARTIAL,"ROE, ROIC and operating margin meet the durable-profitability gate | Operating cash flow supports earnings and free cash flow is persistent | Balance-sheet resilience gate is met",Revenue and EPS growth are positive across three observations,P/E and available P/B context are in the highest historical quartile,PROFITABILITY_DURABLE | GROWTH_DURABLE_NOT_ESTABLISHED | CASH_CONVERSION_SUPPORTED | BALANCE_SHEET_RESILIENT | GROWTH_CONFIRMED_THREE_PERIODS | HISTORICAL_VALUATION_HIGH | SIMPLIFIED_DCF_AVAILABLE,AVAILABLE_DATE_PROXY | ANNOUNCEMENT_DATE_UNAVAILABLE | ADJUSTED_RETURN_SECONDARY_SOURCE | RAW_PRICE_RETAINED | UNIVERSE_SOURCE_RECONSTRUCTED | EARNINGS_QUALITY_REVIEW,26126290000.0,82206874000.0,15.83,13660878000.0,14375420000.0,9614585000.0,6865412000.0,55335278000.0,93203810000.0,12749178000.0,37403000.0,-12711775000.0,-0.22972279998304157,0.0006759340759072359,1.7111503877331162,0.38758334248301424,0.17486883152861402,0.16617683333877895,0.26504099751915455,0.163159552943371,0.3055692905629951,0.23711812119201325,0.42100538599640935,-0.2793245098834738,0.00912970766036017,0.2318853921469809,0.15316014604355194,0.28370003411316513,1.0007816573892412,1.0,0.05391754637495039,0.09093549362829423,0.025691918454129548,0.10705396899513087,-0.07568340223895687,,0.09019603140421695,674.0,43.83,10.87,1.61,0.996921893035783,0.9988457098884186,0.0015390534821085034,25.82,28.58,31.67,5.84,6.45,7.32,11.99,56.21351125938282,7.955526135289401,0.011803451239301781,90.1261567808375,102.84268161679887,127.43764201306317,-0.8474144189661738,,2026-06-30,,2026-08-29,2026-09-03,FinMind v4 (TWSE/MOPS-derived vendor dataset),CONSERVATIVE_FILING_LAG_PROXY,conservative
2408,南亞科,電子工業,CYCLICAL,2026-09-03,2026-06-30,WEAK,UNKNOWN,HIGH,UNCLASSIFIED_RESEARCH_CASE,PARTIAL,Free cash flow was positive in fewer than half of observed TTM periods,Mixed fundamental directions do not satisfy a named state gate,Normalized P/E is above the historical upper quartile | Current P/E is materially below normalized P/E; peak-earnings distortion is possible,FCF_PERSISTENCE_WEAK | SECTOR_LOGIC_CYCLICAL | MIXED_FUNDAMENTAL_DIRECTION | VALUATION_SECTOR_CYCLICAL_NORMALIZED_EPS | CYCLICAL_LOW_PE_TRAP_RISK | SIMPLIFIED_DCF_AVAILABLE,AVAILABLE_DATE_PROXY | ANNOUNCEMENT_DATE_UNAVAILABLE | ADJUSTED_RETURN_SECONDARY_SOURCE | RAW_PRICE_RETAINED | UNIVERSE_SOURCE_RECONSTRUCTED | NORMALIZED_EARNINGS_REQUIRED,82549073000.0,180508491000.0,27.15,88905531000.0,103837370000.0,108673990000.0,97700121000.0,322560603000.0,387758196000.0,217602535000.0,18396700000.0,-199205835000.0,-0.6175764589576985,0.0570333135196923,6.910070371502488,0.6490977590633119,0.575249227472629,0.4925282489896833,0.3725926350260541,0.30060872929467675,0.6612080733864425,4.567517251783149,-10.234693877551019,-5.250178370238278,0.9754039262315258,0.037782308443338755,0.0319396119023502,0.026348324295863715,1.2028693608712637,0.45,0.7722674138303565,0.20699197409469017,,0.4889468142425162,,0.3329266864072471,0.23167220166446123,477.5,20.1,5.54,0.26,0.7341772151898734,0.9776837245094268,0.005985267034990792,5.78,8.7,21.87,1.13,1.34,1.77,0.875,545.7142857142857,29.835694757281185,0.0624831303817407,353.30258801293866,439.01093714285156,541.7620364491323,-0.08060536724010148,0.04978632375069625,2026-06-30,,2026-08-29,2026-09-03,FinMind v4 (TWSE/MOPS-derived vendor dataset),CONSERVATIVE_FILING_LAG_PROXY,conservative
2412,中華電,電子工業,GENERAL,2026-09-03,2026-06-30,GOOD,TURNING_UP,HIGH,UNCLASSIFIED_RESEARCH_CASE,PARTIAL,"ROE, ROIC and operating margin meet the durable-profitability gate | Revenue and EPS grew over three years without contradictory FCF evidence | Operating cash flow supports earnings and free cash flow is persistent | Balance-sheet resilience gate is met",Revenue growth is in an early recovery and at least one independent fundamental family corroborates it,P/E and available P/B context are in the highest historical quartile,PROFITABILITY_DURABLE | GROWTH_DURABLE | CASH_CONVERSION_SUPPORTED | BALANCE_SHEET_RESILIENT | EARLY_REVENUE_RECOVERY | RECOVERY_CORROBORATED | HISTORICAL_VALUATION_HIGH | SIMPLIFIED_DCF_AVAILABLE,AVAILABLE_DATE_PROXY | ANNOUNCEMENT_DATE_UNAVAILABLE | ADJUSTED_RETURN_SECONDARY_SOURCE | RAW_PRICE_RETAINED | UNIVERSE_SOURCE_RECONSTRUCTED,61363474000.0,244927513000.0,5.1,41590550000.0,49845878000.0,79904237000.0,53848865000.0,366630312000.0,553627387000.0,42222351000.0,23823297000.0,-18399054000.0,-0.05018421390100446,0.06497907079761588,1.223860450335617,0.36489913650492994,0.2035127756349692,0.16980758711251848,0.11342385090548787,0.0757492127791126,0.1145490759685497,0.0491742283576746,0.04294478527607337,0.09223333118938726,-0.002482568259610324,0.10039536665688598,0.07345033365750639,0.10100296539619685,1.9937080421800824,1.0,0.035355132654018906,0.02992528961040697,0.019706137405308688,0.029033661071187877,0.05788841500764019,0.030150850314568656,0.0017425026628326012,138.0,27.01,2.91,3.78,0.9015005771450558,0.9996152366294728,0.2039245863793767,22.55,25.34,26.36,2.28,2.37,2.53,4.765,28.96117523609654,6.603163735512033,0.04784901257617415,88.33818014392284,109.3452268222813,134.42795028786404,-0.20764328389651232,0.11435621197538992,2026-06-30,,2026-08-29,2026-09-03,FinMind v4 (TWSE/MOPS-derived vendor dataset),CONSERVATIVE_FILING_LAG_PROXY,conservative
2449,京元電子,電子工業,GENERAL,2026-09-03,2026-06-30,ACCEPTABLE,UNKNOWN,HIGH,UNCLASSIFIED_RESEARCH_CASE,PARTIAL,"ROE, ROIC and operating margin meet the durable-profitability gate | Revenue and EPS grew over three years without contradictory FCF evidence | Balance-sheet resilience gate is met",Mixed fundamental directions do not satisfy a named state gate,P/E and available P/B context are in the highest historical quartile,PROFITABILITY_DURABLE | GROWTH_DURABLE | CASH_CONVERSION_SUPPORTED_NOT_ESTABLISHED | BALANCE_SHEET_RESILIENT | MIXED_FUNDAMENTAL_DIRECTION | HISTORICAL_VALUATION_HIGH | SIMPLIFIED_DCF_NOT_APPLICABLE,AVAILABLE_DATE_PROXY | ANNOUNCEMENT_DATE_UNAVAILABLE | ADJUSTED_RETURN_SECONDARY_SOURCE | RAW_PRICE_RETAINED | UNIVERSE_SOURCE_RECONSTRUCTED,11141616000.0,40589741000.0,7.63,9328497000.0,10903413000.0,16878034000.0,-13093509000.0,62664065000.0,128748650000.0,13321324000.0,33827046000.0,20505722000.0,0.32723255345787094,0.5398156981995982,1.4728238412970862,0.38312481471611265,0.26862484784024615,0.22982400897803215,0.17502291190150368,0.08817242173892821,0.13462772178946705,0.3524046033894095,-0.15033407572383062,0.027230231921572257,0.03636708340897407,0.17757544947956405,0.0917197879359348,0.13259603977415468,2.363133747279109,0.6,0.06290086121008587,0.06570462276200639,0.17695419618347574,0.20525975897534288,,,0.21286471730840217,261.0,35.45,5.28,0.55,0.9746056175452097,0.9299730665640631,0.03655252020007695,11.72,14.21,18.03,1.43,1.6,2.64,5.645,46.235606731620905,-10.709493037302794,-0.04103254037280764,,,,,,2026-06-30,,2026-08-29,2026-09-03,FinMind v4 (TWSE/MOPS-derived vendor dataset),CONSERVATIVE_FILING_LAG_PROXY,conservative
2454,聯發科,電子工業,GENERAL,2026-09-03,2026-06-30,ACCEPTABLE,DETERIORATING,HIGH,UNCLASSIFIED_RESEARCH_CASE,PARTIAL,"ROE, ROIC and operating margin meet the durable-profitability gate | Operating cash flow supports earnings and free cash flow is persistent | Balance-sheet resilience gate is met",Revenue direction is weakening with EPS or margin-and-cash-flow deterioration,P/E and available P/B context are in the highest historical quartile,PROFITABILITY_DURABLE | GROWTH_DURABLE_NOT_ESTABLISHED | CASH_CONVERSION_SUPPORTED | BALANCE_SHEET_RESILIENT | DETERIORATION_CORROBORATED | HISTORICAL_VALUATION_HIGH | SIMPLIFIED_DCF_AVAILABLE,AVAILABLE_DATE_PROXY | ANNOUNCEMENT_DATE_UNAVAILABLE | ADJUSTED_RETURN_SECONDARY_SOURCE | RAW_PRICE_RETAINED | UNIVERSE_SOURCE_RECONSTRUCTED | LOW_QUALITY_GROWTH,152182611000.0,593617995000.0,60.69,97505654000.0,89796057000.0,110295190000.0,92063302000.0,424190236000.0,787448372000.0,189000660000.0,17220000000.0,-171780660000.0,-0.4049613720953256,0.04059499379896146,1.2394077649678823,0.46284945927220417,0.1512690952032207,0.16425656705369923,0.24358706699374474,0.13387539766556525,0.3476416921916123,0.035011784915323085,-0.09160305343511455,-0.2666322980264394,-0.03129676057756664,0.2679990493175404,0.1557004390414689,0.3718592270661959,1.3215792156356279,1.0,0.10152667866364307,0.0679264616564097,0.05360499833496846,0.03366574108265352,-0.08024262143408012,0.0070593334573965105,0.0525074979065947,4340.0,70.6,16.09,1.25,0.9957676029242016,0.9880723355136591,0.038476337052712584,14.87,20.36,24.66,1.74,2.81,4.4,65.83500000000001,65.9223817118554,57.30254163907254,0.01320335060808123,649.166097110138,740.7614462454555,917.9155047264671,-0.8293176391139503,,2026-06-30,,2026-08-29,2026-09-03,FinMind v4 (TWSE/MOPS-derived vendor dataset),CONSERVATIVE_FILING_LAG_PROXY,conservative
2603,長榮,航運業,CYCLICAL,2026-09-03,2026-06-30,ACCEPTABLE,UNKNOWN,NORMAL,UNCLASSIFIED_RESEARCH_CASE,PARTIAL,"ROE, ROIC and operating margin meet the durable-profitability gate | Operating cash flow supports earnings and free cash flow is persistent | Balance-sheet resilience gate is met",Mixed fundamental directions do not satisfy a named state gate,Normalized P/E is within the historical interquartile range,PROFITABILITY_DURABLE | GROWTH_DURABLE_NOT_ESTABLISHED | CASH_CONVERSION_SUPPORTED | BALANCE_SHEET_RESILIENT | SECTOR_LOGIC_CYCLICAL | MIXED_FUNDAMENTAL_DIRECTION | VALUATION_SECTOR_CYCLICAL_NORMALIZED_EPS | SIMPLIFIED_DCF_AVAILABLE,AVAILABLE_DATE_PROXY | ANNOUNCEMENT_DATE_UNAVAILABLE | ADJUSTED_RETURN_SECONDARY_SOURCE | RAW_PRICE_RETAINED | UNIVERSE_SOURCE_RECONSTRUCTED | NORMALIZED_EARNINGS_REQUIRED,105160983000.0,374286523000.0,25.229999999999997,56089878000.0,58665865000.0,83689346000.0,62032057000.0,560942859000.0,968346673000.0,174746741000.0,92724307000.0,-82022434000.0,-0.1462224408137086,0.16530080651227258,1.3881175508553707,0.2085519814455088,0.156740522019811,0.1498581288752414,0.10575556573554339,0.06098708569664762,0.12439448938043925,-0.19517826905662528,-0.5839379947229553,-0.6286489026645621,-0.1773649117890236,0.2770975067674817,0.1628737484077206,0.37981833936092213,1.1938184939759047,0.9,-0.034353655392844296,0.03864280273901688,-0.25177055356024103,0.052766353065129,-0.2661337315709188,-0.14497739128764942,0.10247603364069979,239.0,9.3,0.91,6.82,0.6190940087676571,0.6358024691358025,0.5262550490478938,3.26,6.79,16.07,0.76,0.84,1.06,48.81,4.896537594755173,27.902873992879783,0.11674842674845097,316.1046489386909,360.70604727376764,446.96936526510075,0.5092303233212034,-0.0917567692991918,2026-06-30,,2026-08-29,2026-09-03,FinMind v4 (TWSE/MOPS-derived vendor dataset),CONSERVATIVE_FILING_LAG_PROXY,conservative
2880,華南金,金融保險,FINANCIAL,2026-09-03,2026-06-30,ACCEPTABLE,UNKNOWN,HIGH,UNCLASSIFIED_RESEARCH_CASE,PARTIAL,Five-year median ROE and ROA meet financial-sector gates | Equity/book value grew over three years,Latest revenue/EPS direction is unavailable,P/B is in the highest historical quartile,SECTOR_LOGIC_FINANCIAL | FINANCIAL_PROFITABILITY_DURABLE | BOOK_VALUE_GROWTH | EPS_PER_SHARE_GROWTH_NOT_ESTABLISHED | STATE_INPUT_MISSING | VALUATION_SECTOR_FINANCIAL_PB_PRIMARY,AVAILABLE_DATE_PROXY | ANNOUNCEMENT_DATE_UNAVAILABLE | ADJUSTED_RETURN_SECONDARY_SOURCE | RAW_PRICE_RETAINED | UNIVERSE_SOURCE_RECONSTRUCTED | FINANCIAL_NIM_NPL_CAPITAL_ADEQUACY_UNAVAILABLE | GENERAL_FCF_LOGIC_NOT_APPLIED,22003645000.0,77859910000.0,,45368306000.0,,17259410000.0,,241740611000.0,4546467034000.0,41486572000.0,,,,,,,,0.58269147755244,0.19823958467321828,0.010394009698147494,,0.17766474105805652,,,,0.12315684076434702,0.006660461235887562,,0.06455919302009527,,0.10915975777343134,0.10023809064185207,,,,,0.08136302950837582,43.45,18.61,2.48,3.37,0.8711042708734128,0.9976914197768373,0.18814928818776452,14.48,15.98,17.455,1.18,1.36,1.63,1.47,29.5578231292517,,,,,,,,2026-06-30,,2026-08-29,2026-09-03,FinMind v4 (TWSE/MOPS-derived vendor dataset),CONSERVATIVE_FILING_LAG_PROXY,conservative
2881,富邦金,金融保險,FINANCIAL,2026-09-03,2026-06-30,ACCEPTABLE,UNKNOWN,HIGH,UNCLASSIFIED_RESEARCH_CASE,PARTIAL,Five-year median ROE and ROA meet financial-sector gates | Equity/book value grew over three years,Latest revenue/EPS direction is unavailable,P/B is in the highest historical quartile,SECTOR_LOGIC_FINANCIAL | FINANCIAL_PROFITABILITY_DURABLE | BOOK_VALUE_GROWTH | EPS_PER_SHARE_GROWTH_NOT_ESTABLISHED | STATE_INPUT_MISSING | VALUATION_SECTOR_FINANCIAL_PB_PRIMARY,AVAILABLE_DATE_PROXY | ANNOUNCEMENT_DATE_UNAVAILABLE | ADJUSTED_RETURN_SECONDARY_SOURCE | RAW_PRICE_RETAINED | UNIVERSE_SOURCE_RECONSTRUCTED | FINANCIAL_NIM_NPL_CAPITAL_ADEQUACY_UNAVAILABLE | GENERAL_FCF_LOGIC_NOT_APPLIED,106275016000.0,441005006000.0,,603605211000.0,,-132962062000.0,,1284103748000.0,13765402889000.0,380279317000.0,,,,,,,,1.3687037625146594,0.5727580251061587,0.04716682222100461,,0.5407976056849992,,,,0.19128788922781542,0.014293371418525873,,0.03266057925557089,,0.4969145980051273,-0.02516594098480962,,,,,0.1954091089773664,147.0,13.41,1.77,2.96,0.8399384378607156,0.9772989611388996,0.1612158522508657,7.6,10.26,11.885000000000002,1.0150000000000001,1.15,1.29,8.38,17.5417661097852,,,,,,,,2026-06-30,,2026-08-29,2026-09-03,FinMind v4 (TWSE/MOPS-derived vendor dataset),CONSERVATIVE_FILING_LAG_PROXY,conservative
2882,國泰金,金融保險,FINANCIAL,2026-09-03,2026-06-30,ACCEPTABLE,UNKNOWN,HIGH,UNCLASSIFIED_RESEARCH_CASE,PARTIAL,Five-year median ROE and ROA meet financial-sector gates | Equity/book value grew over three years,Latest revenue/EPS direction is unavailable,P/B is in the highest historical quartile,SECTOR_LOGIC_FINANCIAL | FINANCIAL_PROFITABILITY_DURABLE | BOOK_VALUE_GROWTH | EPS_PER_SHARE_GROWTH_NOT_ESTABLISHED | STATE_INPUT_MISSING | VALUATION_SECTOR_FINANCIAL_PB_PRIMARY,AVAILABLE_DATE_PROXY | ANNOUNCEMENT_DATE_UNAVAILABLE | ADJUSTED_RETURN_SECONDARY_SOURCE | RAW_PRICE_RETAINED | UNIVERSE_SOURCE_RECONSTRUCTED | FINANCIAL_NIM_NPL_CAPITAL_ADEQUACY_UNAVAILABLE | GENERAL_FCF_LOGIC_NOT_APPLIED,88335024000.0,380432470000.0,,667473405000.0,,-178415384000.0,,1130219428000.0,14966542374000.0,359453216000.0,,,,,,,,1.7545121871432268,0.7088370340386736,0.046629114440750456,,0.2660854760927387,,,,0.10375919039118839,0.007279806518052976,,0.039737857018209116,,0.12660456449087842,-0.10284344166689974,,,,,0.16188402943993796,112.5,12.85,1.57,3.21,0.712581762216237,0.9476721816083109,0.1565986918045402,8.42,11.19,13.37,0.97,1.12,1.23,6.065,18.549051937345425,,,,,,,,2026-06-30,,2026-08-29,2026-09-03,FinMind v4 (TWSE/MOPS-derived vendor dataset),CONSERVATIVE_FILING_LAG_PROXY,conservative
2883,凱基金,金融保險,FINANCIAL,2026-09-03,2026-06-30,ACCEPTABLE,UNKNOWN,HIGH,UNCLASSIFIED_RESEARCH_CASE,PARTIAL,Five-year median ROE and ROA meet financial-sector gates | Equity/book value grew over three years,Latest revenue/EPS direction is unavailable,P/B is in the highest historical quartile,SECTOR_LOGIC_FINANCIAL | FINANCIAL_PROFITABILITY_DURABLE | BOOK_VALUE_GROWTH | EPS_PER_SHARE_GROWTH_NOT_ESTABLISHED | STATE_INPUT_MISSING | VALUATION_SECTOR_FINANCIAL_PB_PRIMARY,AVAILABLE_DATE_PROXY | ANNOUNCEMENT_DATE_UNAVAILABLE | ADJUSTED_RETURN_SECONDARY_SOURCE | RAW_PRICE_RETAINED | UNIVERSE_SOURCE_RECONSTRUCTED | FINANCIAL_NIM_NPL_CAPITAL_ADEQUACY_UNAVAILABLE | GENERAL_FCF_LOGIC_NOT_APPLIED,38453989000.0,99540857000.0,,216252888000.0,,-105141548000.0,,469341765000.0,4591103927000.0,78232673000.0,,,,,,,,2.172503779026134,0.5339495220295242,0.05164535939483422,,0.37191761199852214,,,,0.10858364976346926,0.00942502155121604,,-0.24987562509884648,,0.2556936655684916,-0.14585176281816892,,,,,0.24360216060455597,35.9,12.41,1.4,2.82,0.3712966525586764,0.966140823393613,0.02383939774153074,10.565000000000001,13.42,16.515,0.76,0.93,1.04,1.53,23.464052287581698,,,,,,,,2026-06-30,,2026-08-29,2026-09-03,FinMind v4 (TWSE/MOPS-derived vendor dataset),CONSERVATIVE_FILING_LAG_PROXY,conservative
2884,玉山金,金融保險,FINANCIAL,2026-09-03,2026-06-30,ACCEPTABLE,UNKNOWN,HIGH,UNCLASSIFIED_RESEARCH_CASE,PARTIAL,Five-year median ROE and ROA meet financial-sector gates | Equity/book value grew over three years,Latest revenue/EPS direction is unavailable,P/B is in the highest historical quartile,SECTOR_LOGIC_FINANCIAL | FINANCIAL_PROFITABILITY_DURABLE | BOOK_VALUE_GROWTH | EPS_PER_SHARE_GROWTH_NOT_ESTABLISHED | STATE_INPUT_MISSING | VALUATION_SECTOR_FINANCIAL_PB_PRIMARY,AVAILABLE_DATE_PROXY | ANNOUNCEMENT_DATE_UNAVAILABLE | ADJUSTED_RETURN_SECONDARY_SOURCE | RAW_PRICE_RETAINED | UNIVERSE_SOURCE_RECONSTRUCTED | FINANCIAL_NIM_NPL_CAPITAL_ADEQUACY_UNAVAILABLE | GENERAL_FCF_LOGIC_NOT_APPLIED,28673885000.0,102432888000.0,,55615567000.0,,15571995000.0,,282170486000.0,4871065561000.0,51676634000.0,,,,,,,,0.5429463923735119,0.20962996901450742,0.01230729022524315,,0.23218158738598227,,,,0.12343822141236405,0.007487820480845032,,1.069838947107053,,0.19235093200687525,0.13101877667687511,,,,,0.08204767345773734,43.2,16.8,2.33,3.46,0.5163524432474028,0.9980761831473643,0.0954213158907272,13.815000000000001,16.65,18.74,1.41,1.76,1.87,1.46,29.589041095890412,,,,,,,,2026-06-30,,2026-08-29,2026-09-03,FinMind v4 (TWSE/MOPS-derived vendor dataset),CONSERVATIVE_FILING_LAG_PROXY,conservative
2885,元大金,金融保險,FINANCIAL,2026-09-03,2026-06-30,ACCEPTABLE,UNKNOWN,HIGH,UNCLASSIFIED_RESEARCH_CASE,PARTIAL,Five-year median ROE and ROA meet financial-sector gates | Equity/book value grew over three years,Latest revenue/EPS direction is unavailable,P/B is in the highest historical quartile,SECTOR_LOGIC_FINANCIAL | FINANCIAL_PROFITABILITY_DURABLE | BOOK_VALUE_GROWTH | EPS_PER_SHARE_GROWTH_NOT_ESTABLISHED | STATE_INPUT_MISSING | VALUATION_SECTOR_FINANCIAL_PB_PRIMARY,AVAILABLE_DATE_PROXY | ANNOUNCEMENT_DATE_UNAVAILABLE | ADJUSTED_RETURN_SECONDARY_SOURCE | RAW_PRICE_RETAINED | UNIVERSE_SOURCE_RECONSTRUCTED | FINANCIAL_NIM_NPL_CAPITAL_ADEQUACY_UNAVAILABLE | GENERAL_FCF_LOGIC_NOT_APPLIED,61614841000.0,175043972000.0,,102098491000.0,,-110156605000.0,,410130068000.0,5150931212000.0,134190040000.0,,,,,,,,0.5832733902998957,0.271311580180276,0.022645741105140248,,0.5002030850414154,,,,0.12551896118837993,0.01166201347506872,,-0.3924972162201108,,0.24210662850557374,0.057921990691748304,,,,,0.12601870342898058,68.5,15.62,2.32,3.3,0.9415159676798769,0.9811465948441709,0.11696806464024626,10.075,11.48,13.38,0.81,1.03,1.23,2.39,28.661087866108787,,,,,,,,2026-06-30,,2026-08-29,2026-09-03,FinMind v4 (TWSE/MOPS-derived vendor dataset),CONSERVATIVE_FILING_LAG_PROXY,conservative
2886,兆豐金,金融保險,FINANCIAL,2026-09-03,2026-06-30,ACCEPTABLE,UNKNOWN,HIGH,UNCLASSIFIED_RESEARCH_CASE,PARTIAL,Five-year median ROE and ROA meet financial-sector gates | Equity/book value grew over three years,Latest revenue/EPS direction is unavailable,P/B is in the highest historical quartile,SECTOR_LOGIC_FINANCIAL | FINANCIAL_PROFITABILITY_DURABLE | BOOK_VALUE_GROWTH | EPS_PER_SHARE_GROWTH_NOT_ESTABLISHED | STATE_INPUT_MISSING | VALUATION_SECTOR_FINANCIAL_PB_PRIMARY,AVAILABLE_DATE_PROXY | ANNOUNCEMENT_DATE_UNAVAILABLE | ADJUSTED_RETURN_SECONDARY_SOURCE | RAW_PRICE_RETAINED | UNIVERSE_SOURCE_RECONSTRUCTED | FINANCIAL_NIM_NPL_CAPITAL_ADEQUACY_UNAVAILABLE | GENERAL_FCF_LOGIC_NOT_APPLIED,25524113000.0,88779965000.0,,66600660000.0,,94477526000.0,,402356025000.0,5232546775000.0,125405952000.0,,,,,,,,0.7501766868234291,0.17433458551834932,0.01359019965898758,,0.11778321015428017,,,,0.10955040342260622,0.008264167903185514,,0.6326454267870825,,0.09550904293639362,0.08221073589330063,,,,,0.08921240067173453,50.4,19.07,1.81,3.57,0.8353212774143901,0.9930742593305117,0.07772220084647942,13.82,16.13,18.3,1.17,1.35,1.59,2.125,23.71764705882353,,,,,,,,2026-06-30,,2026-08-29,2026-09-03,FinMind v4 (TWSE/MOPS-derived vendor dataset),CONSERVATIVE_FILING_LAG_PROXY,conservative
2887,台新新光金,金融保險,FINANCIAL,2026-09-03,2026-06-30,ACCEPTABLE,UNKNOWN,HIGH,UNCLASSIFIED_RESEARCH_CASE,PARTIAL,Five-year median ROE and ROA meet financial-sector gates | Equity/book value grew over three years,Latest revenue/EPS direction is unavailable,P/B is in the highest historical quartile,SECTOR_LOGIC_FINANCIAL | FINANCIAL_PROFITABILITY_DURABLE | BOOK_VALUE_GROWTH | EPS_PER_SHARE_GROWTH_NOT_ESTABLISHED | STATE_INPUT_MISSING | VALUATION_SECTOR_FINANCIAL_PB_PRIMARY,AVAILABLE_DATE_PROXY | ANNOUNCEMENT_DATE_UNAVAILABLE | ADJUSTED_RETURN_SECONDARY_SOURCE | RAW_PRICE_RETAINED | UNIVERSE_SOURCE_RECONSTRUCTED | FINANCIAL_NIM_NPL_CAPITAL_ADEQUACY_UNAVAILABLE | GENERAL_FCF_LOGIC_NOT_APPLIED,49776390000.0,203478355000.0,,253679197000.0,,-69724406000.0,,713610328000.0,9394799713000.0,111872012000.0,,,,,,,,1.246713425612272,0.5247146832901305,0.039708793924190175,,1.2949809124122948,,,,0.10060524352029614,0.0076290377948873495,,-0.13583203524561663,,0.41249797823297807,0.3213574207931187,,,,,0.5066415620450153,41.45,15.26,1.52,2.67,0.8222393228164678,0.9884570988841862,0.029242016160061564,11.065000000000001,12.06,13.585,0.92,0.99,1.11,1.36,30.477941176470587,,,,,,,,2026-06-30,,2026-08-29,2026-09-03,FinMind v4 (TWSE/MOPS-derived vendor dataset),CONSERVATIVE_FILING_LAG_PROXY,conservative
2890,永豐金,金融保險,FINANCIAL,2026-09-03,2026-06-30,ACCEPTABLE,UNKNOWN,HIGH,UNCLASSIFIED_RESEARCH_CASE,PARTIAL,Five-year median ROE and ROA meet financial-sector gates | Equity/book value grew over three years,Latest revenue/EPS direction is unavailable,P/B is in the highest historical quartile,SECTOR_LOGIC_FINANCIAL | FINANCIAL_PROFITABILITY_DURABLE | BOOK_VALUE_GROWTH | EPS_PER_SHARE_GROWTH_NOT_ESTABLISHED | STATE_INPUT_MISSING | VALUATION_SECTOR_FINANCIAL_PB_PRIMARY,AVAILABLE_DATE_PROXY | ANNOUNCEMENT_DATE_UNAVAILABLE | ADJUSTED_RETURN_SECONDARY_SOURCE | RAW_PRICE_RETAINED | UNIVERSE_SOURCE_RECONSTRUCTED | FINANCIAL_NIM_NPL_CAPITAL_ADEQUACY_UNAVAILABLE | GENERAL_FCF_LOGIC_NOT_APPLIED,29082327000.0,94127978000.0,,40697605000.0,,-50639620000.0,,267691985000.0,3995049075000.0,58387904000.0,,,,,,,,0.43236459408487454,0.17114424188097815,0.011517612688164817,,0.4030512078036663,,,,0.11913701685653547,0.008107089934643374,,0.8636818694587238,,0.23718804510551839,0.16788128783389245,,,,,0.15655870460336163,42.6,15.91,2.3,3.08,0.9553674490188534,1.0,0.00038476337052712584,11.28,12.5,13.28,0.83,0.99,1.34,1.5350000000000001,27.75244299674267,,,,,,,,2026-06-30,,2026-08-29,2026-09-03,FinMind v4 (TWSE/MOPS-derived vendor dataset),CONSERVATIVE_FILING_LAG_PROXY,conservative
2891,中信金,金融保險,FINANCIAL,2026-09-03,2026-06-30,ACCEPTABLE,UNKNOWN,HIGH,UNCLASSIFIED_RESEARCH_CASE,PARTIAL,Five-year median ROE and ROA meet financial-sector gates | Equity/book value grew over three years,Latest revenue/EPS direction is unavailable,P/B is in the highest historical quartile,SECTOR_LOGIC_FINANCIAL | FINANCIAL_PROFITABILITY_DURABLE | BOOK_VALUE_GROWTH | EPS_PER_SHARE_GROWTH_NOT_ESTABLISHED | STATE_INPUT_MISSING | VALUATION_SECTOR_FINANCIAL_PB_PRIMARY,AVAILABLE_DATE_PROXY | ANNOUNCEMENT_DATE_UNAVAILABLE | ADJUSTED_RETURN_SECONDARY_SOURCE | RAW_PRICE_RETAINED | UNIVERSE_SOURCE_RECONSTRUCTED | FINANCIAL_NIM_NPL_CAPITAL_ADEQUACY_UNAVAILABLE | GENERAL_FCF_LOGIC_NOT_APPLIED,58738017000.0,253972974000.0,,329756600000.0,,-73459455000.0,,736020684000.0,10257539606000.0,135612611000.0,,,,,,,,1.2983924817134282,0.5392681781939143,0.03456670864871973,,0.22194751191387274,,,,0.16023310536893876,0.009332867306078428,,0.09101110837422972,,0.35932621405733234,0.08434701585666904,,,,,0.19948497929721665,67.5,15.93,1.9,3.75,0.9638322431704501,0.9153520584840323,0.05925355906117737,9.785,11.09,12.04,1.15,1.28,1.41,2.7750000000000004,24.324324324324323,,,,,,,,2026-06-30,,2026-08-29,2026-09-03,FinMind v4 (TWSE/MOPS-derived vendor dataset),CONSERVATIVE_FILING_LAG_PROXY,conservative
2892,第一金,金融保險,FINANCIAL,2026-09-03,2026-06-30,ACCEPTABLE,UNKNOWN,HIGH,UNCLASSIFIED_RESEARCH_CASE,PARTIAL,Five-year median ROE and ROA meet financial-sector gates | Equity/book value grew over three years,Latest revenue/EPS direction is unavailable,P/B is in the highest historical quartile,SECTOR_LOGIC_FINANCIAL | FINANCIAL_PROFITABILITY_DURABLE | BOOK_VALUE_GROWTH | EPS_PER_SHARE_GROWTH_NOT_ESTABLISHED | STATE_INPUT_MISSING | VALUATION_SECTOR_FINANCIAL_PB_PRIMARY,AVAILABLE_DATE_PROXY | ANNOUNCEMENT_DATE_UNAVAILABLE | ADJUSTED_RETURN_SECONDARY_SOURCE | RAW_PRICE_RETAINED | UNIVERSE_SOURCE_RECONSTRUCTED | FINANCIAL_NIM_NPL_CAPITAL_ADEQUACY_UNAVAILABLE | GENERAL_FCF_LOGIC_NOT_APPLIED,21861238000.0,82171217000.0,,60977921000.0,,-87445299000.0,,301502568000.0,5235189029000.0,70545691000.0,,,,,,,,0.7420837031049449,0.2158270959458938,0.012143844900692723,,0.13113007636659924,,,,0.11576478722498137,0.006581356142540221,,0.683028688487685,,0.05216601038387503,0.055055302623433944,,,,,0.08590698044926337,36.85,16.94,1.73,3.59,0.8495575221238938,0.9992304732589458,0.005771450557906887,14.32,15.78,16.445,1.24,1.32,1.49,1.665,22.13213213213213,,,,,,,,2026-06-30,,2026-08-29,2026-09-03,FinMind v4 (TWSE/MOPS-derived vendor dataset),CONSERVATIVE_FILING_LAG_PROXY,conservative
3008,大立光,電子工業,GENERAL,2026-09-03,2026-06-30,GOOD,UNKNOWN,NORMAL,UNCLASSIFIED_RESEARCH_CASE,PARTIAL,"ROE, ROIC and operating margin meet the durable-profitability gate | Revenue and EPS grew over three years without contradictory FCF evidence | Operating cash flow supports earnings and free cash flow is persistent | Balance-sheet resilience gate is met",Mixed fundamental directions do not satisfy a named state gate,Valuation is within the model's middle historical context,PROFITABILITY_DURABLE | GROWTH_DURABLE | CASH_CONVERSION_SUPPORTED | BALANCE_SHEET_RESILIENT | MIXED_FUNDAMENTAL_DIRECTION | HISTORICAL_VALUATION_NORMAL | SIMPLIFIED_DCF_AVAILABLE,AVAILABLE_DATE_PROXY | ANNOUNCEMENT_DATE_UNAVAILABLE | ADJUSTED_RETURN_SECONDARY_SOURCE | RAW_PRICE_RETAINED | UNIVERSE_SOURCE_RECONSTRUCTED,13664759000.0,64104870000.0,185.73000000000002,24863087000.0,23553323000.0,31348643000.0,20509103000.0,191542495000.0,226130675000.0,118482131000.0,143000.0,-118481988000.0,-0.6185676342996368,7.465706239234275e-07,4.854669359872813,0.48428490690332887,0.3674186220173288,0.38785020545240945,0.13468142487443674,0.11363583237191538,0.2798270099653964,0.010942694264808983,0.08811295330716518,0.3535855349695076,-0.06069221487034415,0.13301382017732313,0.11141781102225326,0.30743416533062656,1.2588733678041069,1.0,0.12354713600337797,0.04269352276043015,0.08981673957947267,0.03378604942544583,0.03476732337099042,0.06039786939521541,0.06961699094631535,7150.0,41.54,5.33,1.02,1.0,0.7291265871489034,0.00038476337052712584,14.02,17.17,21.78,1.89,3.06,5.46,158.58499999999998,45.08623135857742,153.20525967632258,0.021427309045639522,1852.7149448123014,2300.6444749123502,2837.266855693684,-0.6782315419703007,,2026-06-30,,2026-08-29,2026-09-03,FinMind v4 (TWSE/MOPS-derived vendor dataset),CONSERVATIVE_FILING_LAG_PROXY,conservative
3017,奇鋐,電腦及週邊設備業,GENERAL,2026-09-03,2026-06-30,GOOD,MATURE_GROWTH,HIGH,HIGH_EXPECTATION_RISK,PARTIAL,"ROE, ROIC and operating margin meet the durable-profitability gate | Revenue and EPS grew over three years without contradictory FCF evidence | Operating cash flow supports earnings and free cash flow is persistent | Balance-sheet resilience gate is met",Revenue and EPS growth have remained positive across eight observations,P/E and available P/B context are in the highest historical quartile,PROFITABILITY_DURABLE | GROWTH_DURABLE | CASH_CONVERSION_SUPPORTED | BALANCE_SHEET_RESILIENT | SUSTAINED_GROWTH_EIGHT_PERIODS | HISTORICAL_VALUATION_HIGH | SIMPLIFIED_DCF_AVAILABLE,AVAILABLE_DATE_PROXY | ANNOUNCEMENT_DATE_UNAVAILABLE | ADJUSTED_RETURN_SECONDARY_SOURCE | RAW_PRICE_RETAINED | UNIVERSE_SOURCE_RECONSTRUCTED,49120964000.0,184870812000.0,75.13000000000001,32121482000.0,43596860000.0,56162686000.0,44992128000.0,55197040000.0,194577196000.0,77714522000.0,25362175000.0,-52352347000.0,-0.9484629429404186,0.45948433104383857,1.2607057560504324,0.2887297482092522,0.23582338135670655,0.17375096507933335,0.7571800939418664,0.2077583141840037,4.877804662615454,0.9900791004257623,1.4528240287300038,5.442232701511784,0.06449003539996664,0.3420599352417497,0.09204859029606943,0.7676564347611192,1.59005771500565,1.0,0.485773882181338,0.33302339137350323,0.8133471242840866,0.6056398783685506,1.2917533554152554,0.7929506717238182,0.436614838421453,3300.0,44.12,23.55,0.63,0.9522893420546364,0.9911504424778761,0.008849557522123894,11.33,13.97,26.38,1.22,2.52,6.77,14.725000000000001,224.10865874363324,105.23358096117732,0.03188896392762949,2074.6048818060676,2536.252055021973,3080.7059720532375,-0.23143877120546275,0.2180752676410055,2026-06-30,,2026-08-29,2026-09-03,FinMind v4 (TWSE/MOPS-derived vendor dataset),CONSERVATIVE_FILING_LAG_PROXY,conservative
3037,欣興,電子零組件業,GENERAL,2026-09-03,2026-06-30,ACCEPTABLE,TURNING_UP,HIGH,UNCLASSIFIED_RESEARCH_CASE,PARTIAL,"ROE, ROIC and operating margin meet the durable-profitability gate | Revenue and EPS grew over three years without contradictory FCF evidence | Balance-sheet resilience gate is met",Revenue growth is in an early recovery and at least one independent fundamental family corroborates it,P/E and available P/B context are in the highest historical quartile,PROFITABILITY_DURABLE | GROWTH_DURABLE | CASH_CONVERSION_SUPPORTED_NOT_ESTABLISHED | BALANCE_SHEET_RESILIENT | EARLY_REVENUE_RECOVERY | RECOVERY_CORROBORATED | HISTORICAL_VALUATION_HIGH | SIMPLIFIED_DCF_NOT_APPLICABLE,AVAILABLE_DATE_PROXY | ANNOUNCEMENT_DATE_UNAVAILABLE | ADJUSTED_RETURN_SECONDARY_SOURCE | RAW_PRICE_RETAINED | UNIVERSE_SOURCE_RECONSTRUCTED | EARNINGS_QUALITY_REVIEW,42889818000.0,149021578000.0,15.489999999999998,25089929000.0,13305986000.0,19563132000.0,-4336717000.0,123886281000.0,313242650000.0,93096071000.0,34520274000.0,-58575797000.0,-0.4728190767143942,0.27864484849617854,1.7634558849347621,0.18376417943983925,0.08928898873960388,0.1683644029054638,0.23699739825900312,0.09212761212927374,0.15666419726711298,0.20520188806277484,10.734848484848483,-0.7384845805584578,0.04547481602765588,0.17171294470434278,0.06743420150757141,0.1145107439241207,2.248492647432853,0.5,0.05768629184411922,0.10254083036472417,0.009428313153555079,0.2425387619846766,,,0.13352140624477515,923.0,64.78,12.49,0.2,0.750294927251278,0.9788380146210081,0.014236244709503656,20.89,27.94,64.78,0.675,2.32,3.02,7.47,123.56091030789827,-2.67739882125613,-0.0029007571194540954,,,,,,2026-06-30,,2026-08-29,2026-09-03,FinMind v4 (TWSE/MOPS-derived vendor dataset),CONSERVATIVE_FILING_LAG_PROXY,conservative
3045,台灣大,電子工業,GENERAL,2026-09-03,2026-06-30,GOOD,TURNING_UP,NORMAL,VALUE_RECOVERY,PARTIAL,"ROE, ROIC and operating margin meet the durable-profitability gate | Revenue and EPS grew over three years without contradictory FCF evidence | Operating cash flow supports earnings and free cash flow is persistent | Balance-sheet resilience gate is met",Revenue growth is in an early recovery and at least one independent fundamental family corroborates it,Valuation is within the model's middle historical context,PROFITABILITY_DURABLE | GROWTH_DURABLE | CASH_CONVERSION_SUPPORTED | BALANCE_SHEET_RESILIENT | EARLY_REVENUE_RECOVERY | RECOVERY_CORROBORATED | HISTORICAL_VALUATION_NORMAL | SIMPLIFIED_DCF_AVAILABLE,AVAILABLE_DATE_PROXY | ANNOUNCEMENT_DATE_UNAVAILABLE | ADJUSTED_RETURN_SECONDARY_SOURCE | RAW_PRICE_RETAINED | UNIVERSE_SOURCE_RECONSTRUCTED,49432376000.0,202336894000.0,5.33,17826020000.0,23183989000.0,40854019000.0,31778158000.0,84475937000.0,237393650000.0,12123124000.0,49618531000.0,37495407000.0,0.44385902461194365,0.5873688148614439,0.5254766150380904,0.2113012617461648,0.11458112527910999,0.088100690129206,0.21801002310535533,0.07520436471029147,0.14013676187542684,0.01681048619976422,0.10580912863070546,0.34290706620509903,0.009238846408910012,0.19566000207594025,0.06827828074421707,0.11964820664601607,2.278629458354446,1.0,0.0443644361046307,0.07128472606880809,0.10784851698790732,0.07170972530018305,0.1619681623174838,0.1314096567931926,0.13093594936525066,118.0,21.93,4.2,4.09,0.28472489419007313,0.2281646787225856,0.15775298191612158,21.57,23.62,25.12,4.235,4.53,4.87,4.335,27.220299884659745,9.501704931330718,0.08052292314687048,187.3193257890913,229.0021724832344,278.16176983882383,0.9406963769765628,-0.009179529001578424,2026-06-30,,2026-08-29,2026-09-03,FinMind v4 (TWSE/MOPS-derived vendor dataset),CONSERVATIVE_FILING_LAG_PROXY,conservative
3231,緯創,電子工業,GENERAL,2026-09-03,2026-06-30,WEAK,MATURE_GROWTH,NORMAL,UNCLASSIFIED_RESEARCH_CASE,PARTIAL,Free cash flow was positive in fewer than half of observed TTM periods,Revenue and EPS growth have remained positive across eight observations,Valuation is within the model's middle historical context,FCF_PERSISTENCE_WEAK | SUSTAINED_GROWTH_EIGHT_PERIODS | HISTORICAL_VALUATION_NORMAL | SIMPLIFIED_DCF_NOT_APPLICABLE,AVAILABLE_DATE_PROXY | ANNOUNCEMENT_DATE_UNAVAILABLE | ADJUSTED_RETURN_SECONDARY_SOURCE | RAW_PRICE_RETAINED | UNIVERSE_SOURCE_RECONSTRUCTED | EARNINGS_QUALITY_REVIEW,895442616000.0,3030491758000.0,12.75,74630784000.0,115200759000.0,-219067811000.0,-268259337000.0,194001281000.0,1573108981000.0,123163873000.0,532195216000.0,409031343000.0,2.1083950626078596,2.743256195303164,1.1814496900893223,0.058482885337713564,0.038013882960047304,0.02462662497034912,0.4344137831229172,0.06060352756817022,0.19056636629629806,1.0650702763009399,0.7299864314789686,0.6867040574405827,0.0044847949238511,0.229668446092595,0.047915539912468406,0.13482932114247323,0.26627139424533675,0.45,0.4807318178037927,0.29615713519892717,0.47046695982933895,0.3048964715055438,,,0.2667567329925642,188.5,14.73,3.04,2.96,0.4724894190073105,0.9380530973451328,0.19738360908041555,11.395,15.65,21.27,0.94,1.14,2.41,4.865,38.74614594039054,-45.82970141047963,-0.24312838944551526,,,,,,2026-06-30,,2026-08-29,2026-09-03,FinMind v4 (TWSE/MOPS-derived vendor dataset),CONSERVATIVE_FILING_LAG_PROXY,conservative
3443,創意,半導體業,GENERAL,2026-09-03,2026-06-30,GOOD,TURNING_UP,HIGH,UNCLASSIFIED_RESEARCH_CASE,PARTIAL,"ROE, ROIC and operating margin meet the durable-profitability gate | Revenue and EPS grew over three years without contradictory FCF evidence | Operating cash flow supports earnings and free cash flow is persistent | Balance-sheet resilience gate is met",Revenue growth is in an early recovery and at least one independent fundamental family corroborates it,P/E and available P/B context are in the highest historical quartile,PROFITABILITY_DURABLE | GROWTH_DURABLE | CASH_CONVERSION_SUPPORTED | BALANCE_SHEET_RESILIENT | EARLY_REVENUE_RECOVERY | RECOVERY_CORROBORATED | HISTORICAL_VALUATION_HIGH | SIMPLIFIED_DCF_AVAILABLE,AVAILABLE_DATE_PROXY | ANNOUNCEMENT_DATE_UNAVAILABLE | ADJUSTED_RETURN_SECONDARY_SOURCE | RAW_PRICE_RETAINED | UNIVERSE_SOURCE_RECONSTRUCTED | LOW_QUALITY_GROWTH,13896557000.0,46357126000.0,39.01,5228030000.0,5811841000.0,4329426000.0,2876543000.0,13465348000.0,37385404000.0,10034146000.0,,,,,1.448435975597241,0.22768048649090109,0.12537103788530807,0.1127772675122267,0.4308537477076516,0.1598409011257315,1.3320167054831686,0.7994199344537345,0.4426775147928992,-0.21019984267383096,-0.03399455506478277,0.35947576902037726,0.15607807919265315,1.7666528036153801,0.9446700308756373,0.95,0.19360422762082696,0.26901563369149106,0.0775396997468416,0.33296652557990103,0.12107155559472726,-0.08602373507542371,0.19263017031213625,5800.0,151.12,58.67,0.34,0.9919199692189303,0.9980761831473643,0.0026933435936898806,33.97,45.24,55.364999999999995,7.23,11.54,16.55,25.990000000000002,223.16275490573295,21.46390560689208,0.0037006733804986346,375.56833153640724,460.90389206639094,561.9209353910935,-0.9205338117126912,,2026-06-30,,2026-08-29,2026-09-03,FinMind v4 (TWSE/MOPS-derived vendor dataset),CONSERVATIVE_FILING_LAG_PROXY,conservative
3653,健策,電子零組件業,GENERAL,2026-09-03,2026-06-30,GOOD,MATURE_GROWTH,HIGH,HIGH_EXPECTATION_RISK,PARTIAL,"ROE, ROIC and operating margin meet the durable-profitability gate | Revenue and EPS grew over three years without contradictory FCF evidence | Operating cash flow supports earnings and free cash flow is persistent | Balance-sheet resilience gate is met",Revenue and EPS growth have remained positive across eight observations,P/E and available P/B context are in the highest historical quartile,PROFITABILITY_DURABLE | GROWTH_DURABLE | CASH_CONVERSION_SUPPORTED | BALANCE_SHEET_RESILIENT | SUSTAINED_GROWTH_EIGHT_PERIODS | HISTORICAL_VALUATION_HIGH | SIMPLIFIED_DCF_AVAILABLE,AVAILABLE_DATE_PROXY | ANNOUNCEMENT_DATE_UNAVAILABLE | ADJUSTED_RETURN_SECONDARY_SOURCE | RAW_PRICE_RETAINED | UNIVERSE_SOURCE_RECONSTRUCTED | EARNINGS_QUALITY_REVIEW,7274516000.0,22921603000.0,44.65,6538053000.0,7578472000.0,5168444000.0,4051269000.0,23578124000.0,33382738000.0,11390346000.0,0.0,-11390346000.0,-0.48308957913700007,0.0,2.5660945471322854,0.4263192674613551,0.330625742012895,0.2852354174356828,0.33623921441620375,0.2184232869675368,0.535526879101298,0.2772248291190462,0.46345460504752545,0.16630201157184965,0.021120588559380205,0.2821504836827059,0.1702452362236852,0.33384565697868823,0.8794215872877298,1.0,0.2295153746155041,0.2534654817045492,0.33043719132228366,0.454876665439534,0.05067588732704498,0.6093966898880636,0.3235195811407501,5615.0,130.22,35.91,0.38,0.9946133128126202,0.9988457098884186,0.002308580223162755,25.68,35.17,47.49,1.85,5.97,9.46,19.865,282.6579411024415,27.66712977854416,0.004927360601699762,358.71330970008927,444.4585380926582,546.9451514782012,-0.9208444277662229,,2026-06-30,,2026-08-29,2026-09-03,FinMind v4 (TWSE/MOPS-derived vendor dataset),CONSERVATIVE_FILING_LAG_PROXY,conservative
3661,世芯-KY,電子工業,GENERAL,2026-09-03,2026-06-30,WEAK,UNKNOWN,NORMAL,UNCLASSIFIED_RESEARCH_CASE,PARTIAL,"ROE, ROIC and operating margin meet the durable-profitability gate | Revenue and EPS grew over three years without contradictory FCF evidence",Mixed fundamental directions do not satisfy a named state gate,Valuation is within the model's middle historical context,PROFITABILITY_DURABLE | GROWTH_DURABLE | CASH_CONVERSION_SUPPORTED_NOT_ESTABLISHED | BALANCE_SHEET_RESILIENT_NOT_ESTABLISHED | MIXED_FUNDAMENTAL_DIRECTION | HISTORICAL_VALUATION_NORMAL | SIMPLIFIED_DCF_NOT_APPLICABLE,AVAILABLE_DATE_PROXY | ANNOUNCEMENT_DATE_UNAVAILABLE | ADJUSTED_RETURN_SECONDARY_SOURCE | RAW_PRICE_RETAINED | UNIVERSE_SOURCE_RECONSTRUCTED,7639767000.0,23123862000.0,72.25,5877998000.0,5386582000.0,-361986000.0,-2076334000.0,60325507000.0,89633514000.0,39405227000.0,,,,,2.909525651453474,0.37196576419630945,0.23294473907515967,0.25419620649872415,0.12316631192780121,0.08526215081434883,0.35453506106722804,-0.5134448894459772,-0.0954050331789158,,0.10081379150889766,0.1737394535979231,0.11775526605756217,0.3714787528797614,0.6361116272565785,0.5384615384615384,0.020182697276649675,0.19980955982485926,0.3172588301900494,0.3087106796739121,,,0.630717582232865,4050.0,61.6,6.0,0.78,0.8305012744265081,0.6013851481338977,0.32161016949152543,30.1025,42.335,54.64,1.99,5.01,7.45,49.309999999999995,82.13344149259785,-25.52146691781794,-0.0063015967698315896,,,,,,2026-06-30,,2026-08-29,2026-09-03,FinMind v4 (TWSE/MOPS-derived vendor dataset),CONSERVATIVE_FILING_LAG_PROXY,conservative
3665,貿聯-KY,電子工業,GENERAL,2026-09-03,2026-06-30,GOOD,CONFIRMED_GROWTH,HIGH,UNCLASSIFIED_RESEARCH_CASE,PARTIAL,"ROE, ROIC and operating margin meet the durable-profitability gate | Revenue and EPS grew over three years without contradictory FCF evidence | Operating cash flow supports earnings and free cash flow is persistent | Balance-sheet resilience gate is met",Revenue and EPS growth are positive across three observations,P/E and available P/B context are in the highest historical quartile,PROFITABILITY_DURABLE | GROWTH_DURABLE | CASH_CONVERSION_SUPPORTED | BALANCE_SHEET_RESILIENT | GROWTH_CONFIRMED_THREE_PERIODS | HISTORICAL_VALUATION_HIGH | SIMPLIFIED_DCF_AVAILABLE,AVAILABLE_DATE_PROXY | ANNOUNCEMENT_DATE_UNAVAILABLE | ADJUSTED_RETURN_SECONDARY_SOURCE | RAW_PRICE_RETAINED | UNIVERSE_SOURCE_RECONSTRUCTED | EARNINGS_QUALITY_REVIEW,23281188000.0,82337996000.0,54.53,10623682000.0,14348770000.0,8375149000.0,5038446000.0,49562802000.0,92190032000.0,12906862000.0,14207564000.0,1300702000.0,0.026243512221120993,0.2866578043751441,2.1368771749016733,0.31084834758426716,0.17426668970665743,0.1290252679941348,0.24659285928893712,0.13712749607281052,0.2587460460567234,0.33394810277716,0.5746462604678026,0.7654574225341848,0.025076710282262743,0.16712896218373363,0.0798526561049617,0.16143265989621955,0.9132739460783282,0.8,0.15217181571445826,0.2645233331714052,0.39055823820514335,0.29747461401173125,0.09566963189234623,1.0163432946628794,0.29045064463299286,2100.0,39.85,8.54,0.7,0.9569065025009619,0.972297037322047,0.0357829934590227,15.93,19.45,25.005000000000003,2.44,2.81,3.63,21.770000000000003,96.46302250803858,25.861698456335574,0.012315094503016941,406.76079063329945,500.894216047512,612.7032669070195,-0.76147894473928,,2026-06-30,,2026-08-29,2026-09-03,FinMind v4 (TWSE/MOPS-derived vendor dataset),CONSERVATIVE_FILING_LAG_PROXY,conservative
3711,日月光投控,電子工業,GENERAL,2026-09-03,2026-06-30,GOOD,TURNING_UP,HIGH,UNCLASSIFIED_RESEARCH_CASE,PARTIAL,"ROE, ROIC and operating margin meet the durable-profitability gate | Revenue and EPS grew over three years without contradictory FCF evidence | Operating cash flow supports earnings and free cash flow is persistent | Balance-sheet resilience gate is met",Revenue growth is in an early recovery and at least one independent fundamental family corroborates it,P/E and available P/B context are in the highest historical quartile,PROFITABILITY_DURABLE | GROWTH_DURABLE | CASH_CONVERSION_SUPPORTED | BALANCE_SHEET_RESILIENT | EARLY_REVENUE_RECOVERY | RECOVERY_CORROBORATED | HISTORICAL_VALUATION_HIGH | SIMPLIFIED_DCF_NOT_APPLICABLE,AVAILABLE_DATE_PROXY | ANNOUNCEMENT_DATE_UNAVAILABLE | ADJUSTED_RETURN_SECONDARY_SOURCE | RAW_PRICE_RETAINED | UNIVERSE_SOURCE_RECONSTRUCTED,191063522000.0,711209799000.0,13.92,62432986000.0,69517694000.0,168832361000.0,-42261115000.0,389205323000.0,1071334427000.0,91292321000.0,272815210000.0,181522889000.0,0.4663936443644169,0.7009544676756644,1.0700726621605365,0.19485222531361662,0.09774569205562929,0.08778420388440121,0.18282643417059002,0.06799093329653047,0.11393435223945052,0.14476350216909406,0.7620253164556963,1.234677633254341,0.02936155794496889,0.14237912748623455,0.05605949303055563,0.09736381923557266,2.690148974946058,0.7,0.03948166575111145,0.06525848475130647,0.08229494923083003,0.10868364836063904,,,0.11785848049517389,589.0,42.62,6.66,1.12,0.9431072210065645,0.9632840387557369,0.03000491883915396,10.53,15.49,20.83,1.48,1.8,2.19,9.700000000000001,60.72164948453607,-9.422498561898033,-0.01599745086909683,,,,,,2026-06-30,,2026-08-29,2026-09-03,FinMind v4 (TWSE/MOPS-derived vendor dataset),CONSERVATIVE_FILING_LAG_PROXY,conservative
4904,遠傳,電子工業,GENERAL,2026-09-03,2026-06-30,GOOD,TURNING_UP,NORMAL,VALUE_RECOVERY,PARTIAL,"ROE, ROIC and operating margin meet the durable-profitability gate | Revenue and EPS grew over three years without contradictory FCF evidence | Operating cash flow supports earnings and free cash flow is persistent | Balance-sheet resilience gate is met",Revenue growth is in an early recovery and at least one independent fundamental family corroborates it,Valuation is within the model's middle historical context,PROFITABILITY_DURABLE | GROWTH_DURABLE | CASH_CONVERSION_SUPPORTED | BALANCE_SHEET_RESILIENT | EARLY_REVENUE_RECOVERY | RECOVERY_CORROBORATED | HISTORICAL_VALUATION_NORMAL | SIMPLIFIED_DCF_AVAILABLE,AVAILABLE_DATE_PROXY | ANNOUNCEMENT_DATE_UNAVAILABLE | ADJUSTED_RETURN_SECONDARY_SOURCE | RAW_PRICE_RETAINED | UNIVERSE_SOURCE_RECONSTRUCTED,28663901000.0,115546782000.0,4.12,15097733000.0,18752086000.0,33252314000.0,27117104000.0,86167500000.0,186038830000.0,7301190000.0,25012302000.0,17711112000.0,0.20554283227434939,0.29027535903908086,0.7442097307530199,0.30557571910570386,0.16228998917512044,0.13066337927091728,0.1765458130659344,0.08103708781478354,0.13862804951743996,0.09862344970810089,0.10455764075067031,-0.01619514996989313,0.002900939708637973,0.15124385955650568,0.06456890061446033,0.10276891733124538,2.4906085217395653,1.0,0.08473861209196842,0.07159717085041484,0.08562653064744086,0.11693981939907894,0.11153759264409402,0.1893711233993125,0.13931276690952998,103.5,24.94,4.29,3.72,0.632935744517122,0.9888418622547134,0.06540977298961138,22.695,23.96,25.97,3.26,3.48,3.7,3.395,30.4860088365243,7.399949944802971,0.07149710091597074,124.42904529341247,152.89674954191975,186.63810095018346,0.4772632805982584,0.0181797026376741,2026-06-30,,2026-08-29,2026-09-03,FinMind v4 (TWSE/MOPS-derived vendor dataset),CONSERVATIVE_FILING_LAG_PROXY,conservative
4958,臻鼎-KY,電子工業,GENERAL,2026-09-03,2026-06-30,WEAK,UNKNOWN,HIGH,UNCLASSIFIED_RESEARCH_CASE,PARTIAL,"ROE, ROIC and operating margin meet the durable-profitability gate | Balance-sheet resilience gate is met",Mixed fundamental directions do not satisfy a named state gate,P/E and available P/B context are in the highest historical quartile,PROFITABILITY_DURABLE | GROWTH_DURABLE_NOT_ESTABLISHED | CASH_CONVERSION_SUPPORTED_NOT_ESTABLISHED | BALANCE_SHEET_RESILIENT | MIXED_FUNDAMENTAL_DIRECTION | HISTORICAL_VALUATION_HIGH | SIMPLIFIED_DCF_NOT_APPLICABLE,AVAILABLE_DATE_PROXY | ANNOUNCEMENT_DATE_UNAVAILABLE | ADJUSTED_RETURN_SECONDARY_SOURCE | RAW_PRICE_RETAINED | UNIVERSE_SOURCE_RECONSTRUCTED,48430657000.0,193395115000.0,9.1,13966815000.0,16715396000.0,21375021000.0,-26693372000.0,154224401000.0,349706317000.0,96919778000.0,67795569000.0,-29124209000.0,-0.18884306770625744,0.43959041863939546,1.6060011812587682,0.22357478367537878,0.08643132480362806,0.07221906820138657,0.11178649222311034,0.047194925583857024,0.13401939977509725,0.04522304142251121,-0.03191489361702138,-2.679050611477141,0.00553889212639358,0.1259734176466813,0.05066269691158992,0.1330802366468553,2.3392295754185737,0.65,0.06972640391666052,0.06040939075237928,-0.05226286964904103,0.01808400232019891,,,0.1988502190791619,464.0,60.0,3.64,0.67,0.9749903809157369,0.9776837245094268,0.015005771450557906,9.58,11.73,14.795,1.15,1.3,1.6,9.34,49.67880085653105,-17.39191685434367,-0.03748257942746481,,,,,,2026-06-30,,2026-08-29,2026-09-03,FinMind v4 (TWSE/MOPS-derived vendor dataset),CONSERVATIVE_FILING_LAG_PROXY,conservative
5880,合庫金,金融保險,FINANCIAL,2026-09-03,2026-06-30,ACCEPTABLE,UNKNOWN,NORMAL,UNCLASSIFIED_RESEARCH_CASE,PARTIAL,Equity/book value grew over three years,Latest revenue/EPS direction is unavailable,P/B is within the middle historical range,SECTOR_LOGIC_FINANCIAL | FINANCIAL_PROFITABILITY_NOT_ESTABLISHED | BOOK_VALUE_GROWTH | EPS_PER_SHARE_GROWTH_NOT_ESTABLISHED | STATE_INPUT_MISSING | VALUATION_SECTOR_FINANCIAL_PB_PRIMARY,AVAILABLE_DATE_PROXY | ANNOUNCEMENT_DATE_UNAVAILABLE | ADJUSTED_RETURN_SECONDARY_SOURCE | RAW_PRICE_RETAINED | UNIVERSE_SOURCE_RECONSTRUCTED | FINANCIAL_NIM_NPL_CAPITAL_ADEQUACY_UNAVAILABLE | GENERAL_FCF_LOGIC_NOT_APPLIED,18873463000.0,73818665000.0,,51341244000.0,,26173415000.0,,297867835000.0,5445645722000.0,55650302000.0,,,,,,,,0.6955049105805422,0.1839048679515432,0.009579528777775993,,0.06460392152835936,,,,0.09651165483872715,0.00491007805709855,,0.03189381937721855,,0.07309371723060143,0.06430920361446057,,,,,0.08630301576527777,26.7,17.19,1.42,3.99,0.5940746440938822,0.6252404771065795,0.180454020777222,14.74,16.53,18.845,1.07,1.23,1.53,1.37,19.48905109489051,,,,,,,,2026-06-30,,2026-08-29,2026-09-03,FinMind v4 (TWSE/MOPS-derived vendor dataset),CONSERVATIVE_FILING_LAG_PROXY,conservative
6505,台塑化,油電燃氣業,CYCLICAL,2026-09-03,2026-06-30,WEAK,UNKNOWN,NORMAL,UNCLASSIFIED_RESEARCH_CASE,PARTIAL,Operating cash flow supports earnings and free cash flow is persistent | Balance-sheet resilience gate is met,Mixed fundamental directions do not satisfy a named state gate,Normalized P/E is within the historical interquartile range | Current P/E is materially below normalized P/E; peak-earnings distortion is possible,PROFITABILITY_DURABLE_NOT_ESTABLISHED | GROWTH_DURABLE_NOT_ESTABLISHED | CASH_CONVERSION_SUPPORTED | BALANCE_SHEET_RESILIENT | SECTOR_LOGIC_CYCLICAL | MIXED_FUNDAMENTAL_DIRECTION | VALUATION_SECTOR_CYCLICAL_NORMALIZED_EPS | CYCLICAL_LOW_PE_TRAP_RISK | SIMPLIFIED_DCF_AVAILABLE,AVAILABLE_DATE_PROXY | ANNOUNCEMENT_DATE_UNAVAILABLE | ADJUSTED_RETURN_SECONDARY_SOURCE | RAW_PRICE_RETAINED | UNIVERSE_SOURCE_RECONSTRUCTED | NORMALIZED_EARNINGS_REQUIRED,182982929000.0,652316692000.0,5.760000000000001,54877814000.0,61940015000.0,29255353000.0,19485570000.0,486911207000.0,590457205000.0,49680830000.0,10184222000.0,-39496608000.0,-0.08111665419112031,0.0209159737003137,5.206052475052348,0.11149749024052262,0.09495390162421292,0.08412756360985471,0.1418855311987369,0.1148083320147963,0.13697942340385164,0.017933400611136685,-10.931034482758625,-0.26507000866162356,0.10851782373806197,0.05521137479403009,0.04245985428741595,0.03482151897777242,0.8128140256788822,0.7,-0.05265745632659058,0.066356349863115,,-0.009776060053344415,-0.05127588615118839,-0.11865414393142992,0.1579916652548119,76.5,13.66,1.54,1.52,0.12999596285829632,0.16006156213928435,0.21392843401308195,15.48,20.88,54.04,2.16,2.79,3.14,1.905,40.15748031496063,2.0452141770807417,0.026734825844192702,23.169717557249296,26.43889377959118,32.76178944126814,-0.6543935453648212,0.2654008233025974,2026-06-30,,2026-08-29,2026-09-03,FinMind v4 (TWSE/MOPS-derived vendor dataset),CONSERVATIVE_FILING_LAG_PROXY,conservative
6669,緯穎,電腦及週邊設備業,GENERAL,2026-09-03,2026-06-30,WEAK,DECELERATING,LOW,POSSIBLE_VALUE_TRAP,PARTIAL,Free cash flow was positive in fewer than half of observed TTM periods,Revenue and EPS remain positive but have decelerated for three observations,P/E is in the lowest historical quartile with P/B or positive-FCF corroboration,FCF_PERSISTENCE_WEAK | POSITIVE_GROWTH_DECELERATING | HISTORICAL_VALUATION_LOW | SIMPLIFIED_DCF_NOT_APPLICABLE,AVAILABLE_DATE_PROXY | ANNOUNCEMENT_DATE_UNAVAILABLE | ADJUSTED_RETURN_SECONDARY_SOURCE | RAW_PRICE_RETAINED | UNIVERSE_SOURCE_RECONSTRUCTED | EARNINGS_QUALITY_REVIEW,278152592000.0,1113924852000.0,313.51,58285926000.0,73713764000.0,-45358404000.0,-59544454000.0,137262713000.0,556925715000.0,85330206000.0,101956033000.0,16625827000.0,0.12112413223247306,0.7427802552613105,1.3211657458703907,0.0819671307593737,0.06617480871142284,0.052324827743406875,0.5108218297671515,0.13790341613725202,0.47179026165661814,0.8417132616422387,0.6458945821083577,1.0094850453726951,-0.00643353746678442,0.38958817592652095,0.1472109265079502,0.42785319327623794,0.07579827148679688,0.4,0.5525702180300636,0.42405846543521686,0.5695001656527829,0.4357358874151007,,,0.5548011465620377,2475.0,8.37,3.55,6.29,0.0005521811154058532,0.034235229155162895,1.0,15.215,17.97,20.75,4.89,6.23,7.135,83.8,29.534606205250597,-320.27940627622525,-0.12940582071766676,,,,,,2026-06-30,,2026-08-29,2026-09-03,FinMind v4 (TWSE/MOPS-derived vendor dataset),CONSERVATIVE_FILING_LAG_PROXY,conservative
7769,鴻勁,電子工業,GENERAL,2026-09-03,2026-03-31,UNKNOWN,UNKNOWN,N/M,UNCLASSIFIED_RESEARCH_CASE,INSUFFICIENT,Fewer than 12 PIT-available quarterly observations,Fewer than eleven PIT-available quarters,Historical P/E observations are insufficient,QUALITY_HISTORY_INSUFFICIENT | STATE_HISTORY_INSUFFICIENT | VALUATION_HISTORY_INSUFFICIENT | SIMPLIFIED_DCF_NOT_APPLICABLE,SECONDARY_SOURCE_ONLY | YAHOO_FALLBACK_LIMITED_HISTORY | AVAILABLE_DATE_PROXY | ANNOUNCEMENT_DATE_UNAVAILABLE | HISTORICAL_VALUATION_UNAVAILABLE | ADJUSTED_RETURN_SECONDARY_SOURCE | RAW_PRICE_RETAINED | UNIVERSE_SOURCE_RECONSTRUCTED | SHORT_FINANCIAL_HISTORY,10725197000.0,32798016000.0,,13369187000.0,16124391000.0,15403323000.0,14652947000.0,62718338000.0,80586222000.0,56776575000.0,82554000.0,-56694021000.0,-0.903946482127763,0.0013162657467103162,4.398362637797281,0.5614703950385291,0.49162702402486785,0.40762182078330594,0.34974914633258786,0.2609842113983538,2.1529039837494226,,,,,0.34974914633258786,0.2609842113983538,2.1529039837494226,1.1521510619905309,1.0,,,,,,,,5870.0,58.95,18.09,1.14,,,,58.95,58.95,58.95,18.09,18.09,18.09,,,,,,,,,,2026-03-31,,2026-05-30,2026-09-03,Yahoo Finance fundamentals fallback + TWSE current valuation,CONSERVATIVE_FILING_LAG_PROXY,conservative
8046,南電,電子零組件業,CYCLICAL,2026-09-03,2026-03-31,UNKNOWN,UNKNOWN,N/M,UNCLASSIFIED_RESEARCH_CASE,INSUFFICIENT,Fewer than 12 PIT-available quarterly observations,Fewer than eleven PIT-available quarters,Normalized earnings or valuation history is unavailable,QUALITY_HISTORY_INSUFFICIENT | STATE_HISTORY_INSUFFICIENT | VALUATION_SECTOR_CYCLICAL_NORMALIZED_EPS | SIMPLIFIED_DCF_NOT_APPLICABLE,SECONDARY_SOURCE_ONLY | YAHOO_FALLBACK_LIMITED_HISTORY | AVAILABLE_DATE_PROXY | ANNOUNCEMENT_DATE_UNAVAILABLE | HISTORICAL_VALUATION_UNAVAILABLE | ADJUSTED_RETURN_SECONDARY_SOURCE | RAW_PRICE_RETAINED | UNIVERSE_SOURCE_RECONSTRUCTED | SHORT_FINANCIAL_HISTORY,11177241000.0,40382781000.0,,2530529000.0,2714361000.0,4885860000.0,2508181000.0,46706570000.0,62161816000.0,9795092000.0,1176912000.0,-8618180000.0,-0.1845175100633594,0.025197996770047554,3.175415707335764,0.10818254443645177,0.06721580170518716,0.06266356445337433,0.05491781140760409,0.04045602571128828,0.05918956232029478,,,,,0.05491781140760409,0.04045602571128828,0.05918956232029478,2.632511037483235,1.0,,,,,,,,1080.0,141.01,15.74,0.17,,,,141.01,141.01,141.01,15.74,15.74,15.74,,,,,,,,,,2026-03-31,,2026-05-30,2026-09-03,Yahoo Finance fundamentals fallback + TWSE current valuation,CONSERVATIVE_FILING_LAG_PROXY,conservative
